hour,store_id,node_id,brand,store_type,category_text,visits,revenue
10,M33#16,M33,顺电,retail,影音 / 电器用品,4,0
10,M30#19,M30,昂跑,retail,休闲服 / 运动用品,4,0
10,M28#21,M28,之禾,retail,女装,4,0
10,M26#23,M26,maje,retail,女装,5,653.08
10,M25#24,M25,伊索,retail,保健 / 美容护理,2,0
10,M24#25,M24,老铺黄金,retail,珠宝 / 钟表 / 饰品,1,1546.68
10,M21#28,M21,Olé精品超市,anchor,主力店,1,0
10,M15#33,M15,INITIAL,retail,女装 | 男装,1,0
10,M13#35,M13,Bang & Olufsen,retail,影音 / 电器用品,4,0
10,M12b#36,M12b,ELLE 路易士·嘉玛发廊,retail,保健 / 美容护理,0,0
10,M09#39,M09,雅德诺,retail,男装,2,0
10,M07#41,M07,单农,retail,男装,1,0
10,M05#43,M05,亮视点,retail,珠宝 / 钟表 / 饰品,6,2102.13
10,M03#45,M03,古驰美妆,retail,保健 / 美容护理,7,370.31
10,M02#46,M02,APM Monaco,retail,珠宝 / 钟表 / 饰品,12,1947.48
10,M67#49,M67,周大福荟馆JEWELRIA精品店,retail,珠宝 / 钟表 / 饰品,16,0
10,M66#50,M66,American Vintage,retail,女装,12,1488.8
10,M65#51,M65,self-portrait,retail,女装,15,0
10,M64#52,M64,馥蕾诗,retail,保健 / 美容护理,20,373.88
10,M63#53,M63,朋博湾,retail,童装 / 玩具,8,378.89
10,M61#55,M61,ROCK&RIDE VINTAGE,retail,珠宝 / 钟表 / 饰品,5,1874.81
10,M60#56,M60,依诺,retail,女装,2,0
10,M58#58,M58,Tabio,retail,休闲服 / 运动用品,1,348.71
10,M57#59,M57,initial,retail,休闲服 / 运动用品,6,388.33
10,M55#61,M55,泡泡玛特,retail,,6,474.35
10,M48a#69,M48a,WASAI LIVING,retail,休闲服 / 运动用品,2,0
10,M47#70,M47,TOMMY HILFIGER,retail,休闲服 / 运动用品,7,0
10,M46#71,M46,LACOSTE,retail,休闲服 / 运动用品,9,0
10,M45#72,M45,EVISU,retail,休闲服 / 运动用品,6,0
10,M43#74,M43,摩安珂,retail,女装,9,0
10,M41a#76,M41a,little Mo&Co.,retail,童装 / 玩具,9,1639.67
10,M41b#77,M41b,广天藏品,retail,工艺 / 家居 / 礼品,5,924.39
10,MU35#118,MU35,方所,anchor,主力店,18,483.61
10,MU36#119,MU36,始祖鸟,retail,休闲服 / 运动用品,1,0
10,MU37#120,MU37,EVISU,retail,休闲服 / 运动用品,5,483.54
10,MU38#121,MU38,CURIEL,retail,女装,4,0
10,MU38#122,MU38,GEGINA,retail,女装,8,754.77
10,MU39#123,MU39,POLO RALPH LAUREN,retail,男装 | 女装,6,668.27
10,MU39#124,MU39,GENTSPACE,retail,男装,4,0
10,MU41a#126,MU41a,Nespresso,dining,特色美食,13,229.07
10,MU42#128,MU42,莆田餐厅,dining,亚洲风味,8,393.19
10,MU44#131,MU44,浪琴广州太古汇直营店,retail,珠宝 / 钟表 / 饰品,7,2108.4
10,MU45#132,MU45,艾璞俪梦,retail,珠宝 / 钟表 / 饰品,5,0
10,MU45a#133,MU45a,曼尼陀,retail,女装 | 男装,4,1428.18
10,MU46#134,MU46,野兽派花店,retail,工艺 / 家居 / 礼品,6,1250.4
10,MU47a#135,MU47a,玛俪琳,retail,女装,14,1437.26
10,MU47b#136,MU47b,馥马尔、凯利安,retail,保健 / 美容护理,7,688.36
10,MU48#137,MU48,露露乐蒙,retail,休闲服 / 运动用品,14,1613.27
10,MU32_MU33#145,MU32_MU33,潘海利根,retail,保健 / 美容护理,9,343.39
10,MU32_MU33#146,MU32_MU33,阿蒂仙之香,retail,保健 / 美容护理,8,323.21
10,MU31#147,MU31,珑骧,retail,鞋 / 包 / 皮具用品,13,0
10,MU25#152,MU25,la prairie,retail,保健 / 美容护理,2,0
10,MU20#155,MU20,叁木司.日式餐酒馆,dining,亚洲风味,10,663.98
10,MU21#156,MU21,鳗几,dining,亚洲风味,12,549.02
10,MU19#157,MU19,鼎泰丰,dining,亚洲风味,9,416.22
10,MU18#158,MU18,美奈小馆钻石店,dining,亚洲风味,14,759.34
10,MU17#159,MU17,阿嬷手作,dining,特色美食,15,632.15
10,MU16g_h#160,MU16g_h,太二前传,dining,中式餐饮,17,473.63
10,MU16f#161,MU16f,熟客·星马印料理,dining,亚洲风味,19,1183.85
10,MU16e#162,MU16e,鮨 · 半藏,dining,亚洲风味,10,533.6
10,MU16d#163,MU16d,喜家德,dining,中式餐饮,7,267.47
10,MU16c#164,MU16c,锋壹碗,dining,美食广场,4,98.67
10,MU16k#165,MU16k,SONG Cafe,dining,休闲餐饮及烘焙,7,175.29
10,MU16i#166,MU16i,入续·糖水铺与包·臻选,dining,休闲餐饮及烘焙,11,162.93
10,MU16j#167,MU16j,意拾光,dining,西式风味,11,526.3
10,MU16l#168,MU16l,ZAKUZAKU,dining,休闲餐饮及烘焙,8,207.26
10,MU16b#169,MU16b,面道鲜师,dining,中式餐饮,11,531.45
10,MU16a#170,MU16a,CONSOMMÉ,dining,美食广场,8,57.9
10,MU14#172,MU14,Dior迪奥化妆品精品店,retail,保健 / 美容护理,1,0
10,MU12#174,MU12,帕尔玛之水,retail,保健 / 美容护理,3,0
10,MU10#176,MU10,周生生,retail,珠宝 / 钟表 / 饰品,3,0
10,MU08_MU09#177,MU08_MU09,卡纷,retail,女装,8,778.03
10,MU05#181,MU05,肯佐,retail,休闲服 / 运动用品,4,0
10,MU04#182,MU04,SANDRO,retail,女装,5,0
10,MU03b#183,MU03b,肌肤之钥,retail,保健 / 美容护理,3,282.45
10,MU02b_MU03a#184,MU02b_MU03a,GENTLE MONSTER,retail,珠宝 / 钟表 / 饰品,3,3772.92
10,MU02a#185,MU02a,蔻驰,retail,女装,2,661.27
10,L1-L119#216,L1-L119,Bottega Veneta,retail,鞋 / 包 / 皮具用品,23,1942.6
10,L1-L118#217,L1-L118,MIU MIU,retail,女装,22,1504.35
10,L1-L117#218,L1-L117,BURBERRY,retail,女装 | 男装 | 鞋 / 包 / 皮具用品 | 珠宝 / 钟表 / 饰品,14,8907.72
10,L1-L116#219,L1-L116,BALENCIAGA,retail,女装 | 男装 | 鞋 / 包 / 皮具用品 | 珠宝 / 钟表 / 饰品,29,10986.03
10,L1-L115#220,L1-L115,芬廸,retail,女装 | 男装 | 鞋 / 包 / 皮具用品,20,612.24
10,L1-L114#221,L1-L114,香奈儿,retail,,30,1220.58
10,L1-L114#222,L1-L114,香奈儿,retail,女装 | 珠宝 / 钟表 / 饰品 | 鞋 / 包 / 皮具用品,29,3283.43
10,L1-L113#223,L1-L113,古驰,retail,女装 | 男装 | 珠宝 / 钟表 / 饰品 | 鞋 / 包 / 皮具用品 | 工艺 / 家居 / 礼品,42,5785.7
10,L1-L112#224,L1-L112,PRADA,retail,女装 | 男装 | 珠宝 / 钟表 / 饰品,18,6261.55
10,L1-L112#225,L1-L112,PRADA,retail,女装 | 男装 | 珠宝 / 钟表 / 饰品,34,20042.29
10,L1-L111#226,L1-L111,迪奥,retail,,35,2392.93
10,L1-L109#228,L1-L109,麦克斯·马勒,retail,女装,12,620.88
10,L1-L108#229,L1-L108,万宝龙,retail,珠宝 / 钟表 / 饰品,18,3499.37
10,L1-L108A#230,L1-L108A,万宝龙,retail,珠宝 / 钟表 / 饰品,31,12418.56
10,L1-L106-L107#232,L1-L106-L107,Van Cleef & Arpels,retail,珠宝 / 钟表 / 饰品,20,1571.81
10,L1-L104#234,L1-L104,卡地亚,retail,珠宝 / 钟表 / 饰品,13,0
10,L1-L103#235,L1-L103,Loro Piana,retail,女装 | 男装,7,560.2
10,L1-L101#237,L1-L101,路易威登,retail,,19,733.3
10,L1-L120#239,L1-L120,亚历山大麦昆,retail,男装,17,2037.75
10,L1-L121#240,L1-L121,思琳广州太古汇精品店,retail,女装 | 男装 | 鞋 / 包 / 皮具用品 | 珠宝 / 钟表 / 饰品,20,1733.77
10,L1-L122#241,L1-L122,伯爵,retail,珠宝 / 钟表 / 饰品,19,5167.17
10,L1-L125#244,L1-L125,爱马仕,retail,,39,2148.62
10,L2-L226#275,L2-L226,日默瓦,retail,鞋 / 包 / 皮具用品,0,0
10,L2-L225B#276,L2-L225B,派,retail,珠宝 / 钟表 / 饰品,0,0
10,L2-L224#278,L2-L224,I.T,retail,女装 | 男装,0,0
10,L2-L223#279,L2-L223,范思哲,retail,女装 | 男装,0,0
10,L2-L221-L222#280,L2-L221-L222,溥仪眼镜,retail,珠宝 / 钟表 / 饰品,0,0
10,L2-L220#281,L2-L220,罗杰维维亚,retail,鞋 / 包 / 皮具用品,0,0
10,L2-L218-L219#282,L2-L218-L219,古驰,retail,女装 | 男装 | 珠宝 / 钟表 / 饰品 | 鞋 / 包 / 皮具用品,0,0
10,L2-L217#283,L2-L217,古驰,retail,女装 | 男装 | 珠宝 / 钟表 / 饰品 | 鞋 / 包 / 皮具用品 | 工艺 / 家居 / 礼品,0,0
10,L2-L216#284,L2-L216,PRADA,retail,女装 | 男装 | 珠宝 / 钟表 / 饰品,0,0
10,L2-L216#285,L2-L216,PRADA,retail,女装 | 男装 | 珠宝 / 钟表 / 饰品,0,0
10,L2-L215#286,L2-L215,迪奥,retail,女装 | 男装 | 鞋 / 包 / 皮具用品 | 珠宝 / 钟表 / 饰品,0,0
10,L2-L213#288,L2-L213,寇依,retail,女装 | 鞋 / 包 / 皮具用品,0,0
10,L2-L211#289,L2-L211,欧米茄,retail,珠宝 / 钟表 / 饰品,0,0
10,L2-L210A#291,L2-L210A,萧邦,retail,珠宝 / 钟表 / 饰品,0,0
10,L2-L209#292,L2-L209,FIFTH x Hair Code,retail,生活时尚,0,0
10,L2-L207-L208#293,L2-L207-L208,菲拉格慕,retail,鞋 / 包 / 皮具用品,0,0
10,L2-L206#294,L2-L206,吉米周,retail,鞋 / 包 / 皮具用品,0,0
10,L2-L205#295,L2-L205,瑭姆步朗,retail,女装 | 男装 | 鞋 / 包 / 皮具用品 | 童装 / 玩具,0,0
10,L2-L201#299,L2-L201,路易威登,retail,,0,0
10,L2-L228#300,L2-L228,Tory Burch,retail,女装 | 珠宝 / 钟表 / 饰品 | 鞋 / 包 / 皮具用品 | 工艺 / 家居 / 礼品 | 生活时尚,0,0
10,L2-L230#303,L2-L230,吉尔桑德,retail,女装 | 男装,0,0
10,L2-L233#306,L2-L233,爱马仕,retail,,0,0
10,L3-L302#329,L3-L302,gaga 品牌旗舰店,dining,西式风味,0,0
10,L3-L303#330,L3-L303,尚莲·越南泰国料理,dining,亚洲风味,0,0
10,L3-L304#331,L3-L304,glance,dining,西式风味,0,0
10,L3-L305#332,L3-L305,大象园,dining,西式风味,0,0
10,L3-L306#333,L3-L306,小山 炉端烧•鮨,dining,亚洲风味,0,0
10,L3-L307#334,L3-L307,御寶閣潮州酒家,dining,中式餐饮,0,0
10,L3-L308A#335,L3-L308A,超级猩猩,anchor,主力店,0,0
11,M33#16,M33,顺电,retail,影音 / 电器用品,22,1598.82
11,M30#19,M30,昂跑,retail,休闲服 / 运动用品,7,371.14
11,M28#21,M28,之禾,retail,女装,28,3329.29
11,M26#23,M26,maje,retail,女装,17,1489.34
11,M25#24,M25,伊索,retail,保健 / 美容护理,3,352.4
11,M24#25,M24,老铺黄金,retail,珠宝 / 钟表 / 饰品,7,0
11,M21#28,M21,Olé精品超市,anchor,主力店,18,815.74
11,M15#33,M15,INITIAL,retail,女装 | 男装,8,587.35
11,M13#35,M13,Bang & Olufsen,retail,影音 / 电器用品,8,0
11,M12b#36,M12b,ELLE 路易士·嘉玛发廊,retail,保健 / 美容护理,1,319.55
11,M09#39,M09,雅德诺,retail,男装,5,0
11,M07#41,M07,单农,retail,男装,4,1300.73
11,M05#43,M05,亮视点,retail,珠宝 / 钟表 / 饰品,26,7300.7
11,M03#45,M03,古驰美妆,retail,保健 / 美容护理,15,270.33
11,M02#46,M02,APM Monaco,retail,珠宝 / 钟表 / 饰品,22,12233.1
11,M67#49,M67,周大福荟馆JEWELRIA精品店,retail,珠宝 / 钟表 / 饰品,29,7289.94
11,M66#50,M66,American Vintage,retail,女装,28,2712.32
11,M65#51,M65,self-portrait,retail,女装,35,2126.44
11,M64#52,M64,馥蕾诗,retail,保健 / 美容护理,47,2598.19
11,M63#53,M63,朋博湾,retail,童装 / 玩具,11,1220.93
11,M61#55,M61,ROCK&RIDE VINTAGE,retail,珠宝 / 钟表 / 饰品,12,3685.53
11,M60#56,M60,依诺,retail,女装,11,575.07
11,M58#58,M58,Tabio,retail,休闲服 / 运动用品,12,450.12
11,M57#59,M57,initial,retail,休闲服 / 运动用品,18,1221.49
11,M55#61,M55,泡泡玛特,retail,,19,1816.19
11,M48a#69,M48a,WASAI LIVING,retail,休闲服 / 运动用品,20,451.09
11,M47#70,M47,TOMMY HILFIGER,retail,休闲服 / 运动用品,16,1720.13
11,M46#71,M46,LACOSTE,retail,休闲服 / 运动用品,23,2493.82
11,M45#72,M45,EVISU,retail,休闲服 / 运动用品,12,820.5
11,M43#74,M43,摩安珂,retail,女装,13,1347.46
11,M41a#76,M41a,little Mo&Co.,retail,童装 / 玩具,16,1595.29
11,M41b#77,M41b,广天藏品,retail,工艺 / 家居 / 礼品,18,2023.06
11,MU35#118,MU35,方所,anchor,主力店,47,1216.42
11,MU36#119,MU36,始祖鸟,retail,休闲服 / 运动用品,21,1202.27
11,MU37#120,MU37,EVISU,retail,休闲服 / 运动用品,10,1380.11
11,MU38#121,MU38,CURIEL,retail,女装,9,1866.33
11,MU38#122,MU38,GEGINA,retail,女装,12,1813.05
11,MU39#123,MU39,POLO RALPH LAUREN,retail,男装 | 女装,8,1391.63
11,MU39#124,MU39,GENTSPACE,retail,男装,14,1325.97
11,MU41a#126,MU41a,Nespresso,dining,特色美食,21,561.93
11,MU42#128,MU42,莆田餐厅,dining,亚洲风味,14,644.99
11,MU44#131,MU44,浪琴广州太古汇直营店,retail,珠宝 / 钟表 / 饰品,13,11235.65
11,MU45#132,MU45,艾璞俪梦,retail,珠宝 / 钟表 / 饰品,16,5224.47
11,MU45a#133,MU45a,曼尼陀,retail,女装 | 男装,12,2050.03
11,MU46#134,MU46,野兽派花店,retail,工艺 / 家居 / 礼品,12,2248.0
11,MU47a#135,MU47a,玛俪琳,retail,女装,23,3456.79
11,MU47b#136,MU47b,馥马尔、凯利安,retail,保健 / 美容护理,9,0
11,MU48#137,MU48,露露乐蒙,retail,休闲服 / 运动用品,25,1196.88
11,MU32_MU33#145,MU32_MU33,潘海利根,retail,保健 / 美容护理,17,277.64
11,MU32_MU33#146,MU32_MU33,阿蒂仙之香,retail,保健 / 美容护理,22,943.28
11,MU31#147,MU31,珑骧,retail,鞋 / 包 / 皮具用品,23,3234.88
11,MU25#152,MU25,la prairie,retail,保健 / 美容护理,12,915.93
11,MU20#155,MU20,叁木司.日式餐酒馆,dining,亚洲风味,19,1170.92
11,MU21#156,MU21,鳗几,dining,亚洲风味,30,1485.55
11,MU19#157,MU19,鼎泰丰,dining,亚洲风味,30,1744.27
11,MU18#158,MU18,美奈小馆钻石店,dining,亚洲风味,33,2005.02
11,MU17#159,MU17,阿嬷手作,dining,特色美食,26,740.3
11,MU16g_h#160,MU16g_h,太二前传,dining,中式餐饮,36,1596.9
11,MU16f#161,MU16f,熟客·星马印料理,dining,亚洲风味,20,938.8
11,MU16e#162,MU16e,鮨 · 半藏,dining,亚洲风味,22,1656.68
11,MU16d#163,MU16d,喜家德,dining,中式餐饮,34,2042.81
11,MU16c#164,MU16c,锋壹碗,dining,美食广场,32,720.81
11,MU16k#165,MU16k,SONG Cafe,dining,休闲餐饮及烘焙,21,418.38
11,MU16i#166,MU16i,入续·糖水铺与包·臻选,dining,休闲餐饮及烘焙,26,440.01
11,MU16j#167,MU16j,意拾光,dining,西式风味,23,776.73
11,MU16l#168,MU16l,ZAKUZAKU,dining,休闲餐饮及烘焙,29,680.61
11,MU16b#169,MU16b,面道鲜师,dining,中式餐饮,36,1282.88
11,MU16a#170,MU16a,CONSOMMÉ,dining,美食广场,32,340.6
11,MU14#172,MU14,Dior迪奥化妆品精品店,retail,保健 / 美容护理,9,707.8
11,MU12#174,MU12,帕尔玛之水,retail,保健 / 美容护理,8,371.48
11,MU10#176,MU10,周生生,retail,珠宝 / 钟表 / 饰品,12,1861.64
11,MU08_MU09#177,MU08_MU09,卡纷,retail,女装,22,643.13
11,MU05#181,MU05,肯佐,retail,休闲服 / 运动用品,10,417.37
11,MU04#182,MU04,SANDRO,retail,女装,18,2880.79
11,MU03b#183,MU03b,肌肤之钥,retail,保健 / 美容护理,6,336.81
11,MU02b_MU03a#184,MU02b_MU03a,GENTLE MONSTER,retail,珠宝 / 钟表 / 饰品,3,0
11,MU02a#185,MU02a,蔻驰,retail,女装,1,0
11,L1-L119#216,L1-L119,Bottega Veneta,retail,鞋 / 包 / 皮具用品,36,5934.96
11,L1-L118#217,L1-L118,MIU MIU,retail,女装,37,2611.4
11,L1-L117#218,L1-L117,BURBERRY,retail,女装 | 男装 | 鞋 / 包 / 皮具用品 | 珠宝 / 钟表 / 饰品,41,10624.09
11,L1-L116#219,L1-L116,BALENCIAGA,retail,女装 | 男装 | 鞋 / 包 / 皮具用品 | 珠宝 / 钟表 / 饰品,68,17002.58
11,L1-L115#220,L1-L115,芬廸,retail,女装 | 男装 | 鞋 / 包 / 皮具用品,40,3249.36
11,L1-L114#221,L1-L114,香奈儿,retail,,69,3473.3
11,L1-L114#222,L1-L114,香奈儿,retail,女装 | 珠宝 / 钟表 / 饰品 | 鞋 / 包 / 皮具用品,65,27656.09
11,L1-L113#223,L1-L113,古驰,retail,女装 | 男装 | 珠宝 / 钟表 / 饰品 | 鞋 / 包 / 皮具用品 | 工艺 / 家居 / 礼品,86,27294.47
11,L1-L112#224,L1-L112,PRADA,retail,女装 | 男装 | 珠宝 / 钟表 / 饰品,48,9277.81
11,L1-L112#225,L1-L112,PRADA,retail,女装 | 男装 | 珠宝 / 钟表 / 饰品,41,11521.67
11,L1-L111#226,L1-L111,迪奥,retail,,124,4284.63
11,L1-L109#228,L1-L109,麦克斯·马勒,retail,女装,47,6956.38
11,L1-L108#229,L1-L108,万宝龙,retail,珠宝 / 钟表 / 饰品,37,1752.68
11,L1-L108A#230,L1-L108A,万宝龙,retail,珠宝 / 钟表 / 饰品,47,12044.31
11,L1-L106-L107#232,L1-L106-L107,Van Cleef & Arpels,retail,珠宝 / 钟表 / 饰品,32,3704.73
11,L1-L104#234,L1-L104,卡地亚,retail,珠宝 / 钟表 / 饰品,41,16559.62
11,L1-L103#235,L1-L103,Loro Piana,retail,女装 | 男装,39,4600.28
11,L1-L101#237,L1-L101,路易威登,retail,,95,4757.64
11,L1-L120#239,L1-L120,亚历山大麦昆,retail,男装,38,4126.4
11,L1-L121#240,L1-L121,思琳广州太古汇精品店,retail,女装 | 男装 | 鞋 / 包 / 皮具用品 | 珠宝 / 钟表 / 饰品,42,7022.44
11,L1-L122#241,L1-L122,伯爵,retail,珠宝 / 钟表 / 饰品,53,24884.79
11,L1-L125#244,L1-L125,爱马仕,retail,,95,4889.75
11,L2-L226#275,L2-L226,日默瓦,retail,鞋 / 包 / 皮具用品,0,0
11,L2-L225B#276,L2-L225B,派,retail,珠宝 / 钟表 / 饰品,0,0
11,L2-L224#278,L2-L224,I.T,retail,女装 | 男装,0,0
11,L2-L223#279,L2-L223,范思哲,retail,女装 | 男装,0,0
11,L2-L221-L222#280,L2-L221-L222,溥仪眼镜,retail,珠宝 / 钟表 / 饰品,0,0
11,L2-L220#281,L2-L220,罗杰维维亚,retail,鞋 / 包 / 皮具用品,0,0
11,L2-L218-L219#282,L2-L218-L219,古驰,retail,女装 | 男装 | 珠宝 / 钟表 / 饰品 | 鞋 / 包 / 皮具用品,0,0
11,L2-L217#283,L2-L217,古驰,retail,女装 | 男装 | 珠宝 / 钟表 / 饰品 | 鞋 / 包 / 皮具用品 | 工艺 / 家居 / 礼品,0,0
11,L2-L216#284,L2-L216,PRADA,retail,女装 | 男装 | 珠宝 / 钟表 / 饰品,0,0
11,L2-L216#285,L2-L216,PRADA,retail,女装 | 男装 | 珠宝 / 钟表 / 饰品,0,0
11,L2-L215#286,L2-L215,迪奥,retail,女装 | 男装 | 鞋 / 包 / 皮具用品 | 珠宝 / 钟表 / 饰品,0,0
11,L2-L213#288,L2-L213,寇依,retail,女装 | 鞋 / 包 / 皮具用品,0,0
11,L2-L211#289,L2-L211,欧米茄,retail,珠宝 / 钟表 / 饰品,0,0
11,L2-L210A#291,L2-L210A,萧邦,retail,珠宝 / 钟表 / 饰品,0,0
11,L2-L209#292,L2-L209,FIFTH x Hair Code,retail,生活时尚,0,0
11,L2-L207-L208#293,L2-L207-L208,菲拉格慕,retail,鞋 / 包 / 皮具用品,0,0
11,L2-L206#294,L2-L206,吉米周,retail,鞋 / 包 / 皮具用品,0,0
11,L2-L205#295,L2-L205,瑭姆步朗,retail,女装 | 男装 | 鞋 / 包 / 皮具用品 | 童装 / 玩具,0,0
11,L2-L201#299,L2-L201,路易威登,retail,,0,0
11,L2-L228#300,L2-L228,Tory Burch,retail,女装 | 珠宝 / 钟表 / 饰品 | 鞋 / 包 / 皮具用品 | 工艺 / 家居 / 礼品 | 生活时尚,0,0
11,L2-L230#303,L2-L230,吉尔桑德,retail,女装 | 男装,0,0
11,L2-L233#306,L2-L233,爱马仕,retail,,0,0
11,L3-L302#329,L3-L302,gaga 品牌旗舰店,dining,西式风味,0,0
11,L3-L303#330,L3-L303,尚莲·越南泰国料理,dining,亚洲风味,0,0
11,L3-L304#331,L3-L304,glance,dining,西式风味,0,0
11,L3-L305#332,L3-L305,大象园,dining,西式风味,0,0
11,L3-L306#333,L3-L306,小山 炉端烧•鮨,dining,亚洲风味,0,0
11,L3-L307#334,L3-L307,御寶閣潮州酒家,dining,中式餐饮,0,0
11,L3-L308A#335,L3-L308A,超级猩猩,anchor,主力店,0,0
12,M33#16,M33,顺电,retail,影音 / 电器用品,29,2359.87
12,M30#19,M30,昂跑,retail,休闲服 / 运动用品,28,1711.89
12,M28#21,M28,之禾,retail,女装,43,4261.15
12,M26#23,M26,maje,retail,女装,48,5288.97
12,M25#24,M25,伊索,retail,保健 / 美容护理,20,1625.1
12,M24#25,M24,老铺黄金,retail,珠宝 / 钟表 / 饰品,17,5272.75
12,M21#28,M21,Olé精品超市,anchor,主力店,35,1162.55
12,M15#33,M15,INITIAL,retail,女装 | 男装,16,732.98
12,M13#35,M13,Bang & Olufsen,retail,影音 / 电器用品,8,0
12,M12b#36,M12b,ELLE 路易士·嘉玛发廊,retail,保健 / 美容护理,0,0
12,M09#39,M09,雅德诺,retail,男装,8,1342.53
12,M07#41,M07,单农,retail,男装,12,1510.02
12,M05#43,M05,亮视点,retail,珠宝 / 钟表 / 饰品,40,14590.15
12,M03#45,M03,古驰美妆,retail,保健 / 美容护理,32,2171.41
12,M02#46,M02,APM Monaco,retail,珠宝 / 钟表 / 饰品,40,7415.52
12,M67#49,M67,周大福荟馆JEWELRIA精品店,retail,珠宝 / 钟表 / 饰品,46,5046.15
12,M66#50,M66,American Vintage,retail,女装,41,2780.92
12,M65#51,M65,self-portrait,retail,女装,50,2050.89
12,M64#52,M64,馥蕾诗,retail,保健 / 美容护理,74,3287.45
12,M63#53,M63,朋博湾,retail,童装 / 玩具,37,2555.21
12,M61#55,M61,ROCK&RIDE VINTAGE,retail,珠宝 / 钟表 / 饰品,35,17291.96
12,M60#56,M60,依诺,retail,女装,25,3577.59
12,M58#58,M58,Tabio,retail,休闲服 / 运动用品,24,487.57
12,M57#59,M57,initial,retail,休闲服 / 运动用品,36,2219.78
12,M55#61,M55,泡泡玛特,retail,,31,957.47
12,M48a#69,M48a,WASAI LIVING,retail,休闲服 / 运动用品,27,1320.83
12,M47#70,M47,TOMMY HILFIGER,retail,休闲服 / 运动用品,29,1308.93
12,M46#71,M46,LACOSTE,retail,休闲服 / 运动用品,38,3280.97
12,M45#72,M45,EVISU,retail,休闲服 / 运动用品,29,845.21
12,M43#74,M43,摩安珂,retail,女装,27,3427.31
12,M41a#76,M41a,little Mo&Co.,retail,童装 / 玩具,24,823.39
12,M41b#77,M41b,广天藏品,retail,工艺 / 家居 / 礼品,33,1642.44
12,MU35#118,MU35,方所,anchor,主力店,55,1147.36
12,MU36#119,MU36,始祖鸟,retail,休闲服 / 运动用品,31,1197.34
12,MU37#120,MU37,EVISU,retail,休闲服 / 运动用品,24,354.19
12,MU38#121,MU38,CURIEL,retail,女装,18,2324.35
12,MU38#122,MU38,GEGINA,retail,女装,13,1419.36
12,MU39#123,MU39,POLO RALPH LAUREN,retail,男装 | 女装,13,2722.45
12,MU39#124,MU39,GENTSPACE,retail,男装,10,2025.62
12,MU41a#126,MU41a,Nespresso,dining,特色美食,35,1703.24
12,MU42#128,MU42,莆田餐厅,dining,亚洲风味,42,2585.38
12,MU44#131,MU44,浪琴广州太古汇直营店,retail,珠宝 / 钟表 / 饰品,15,1814.33
12,MU45#132,MU45,艾璞俪梦,retail,珠宝 / 钟表 / 饰品,12,3828.01
12,MU45a#133,MU45a,曼尼陀,retail,女装 | 男装,11,0
12,MU46#134,MU46,野兽派花店,retail,工艺 / 家居 / 礼品,21,364.79
12,MU47a#135,MU47a,玛俪琳,retail,女装,35,4161.17
12,MU47b#136,MU47b,馥马尔、凯利安,retail,保健 / 美容护理,26,1034.86
12,MU48#137,MU48,露露乐蒙,retail,休闲服 / 运动用品,41,0
12,MU32_MU33#145,MU32_MU33,潘海利根,retail,保健 / 美容护理,23,849.09
12,MU32_MU33#146,MU32_MU33,阿蒂仙之香,retail,保健 / 美容护理,27,2233.27
12,MU31#147,MU31,珑骧,retail,鞋 / 包 / 皮具用品,38,4164.02
12,MU25#152,MU25,la prairie,retail,保健 / 美容护理,18,1209.55
12,MU20#155,MU20,叁木司.日式餐酒馆,dining,亚洲风味,70,4323.45
12,MU21#156,MU21,鳗几,dining,亚洲风味,68,3618.17
12,MU19#157,MU19,鼎泰丰,dining,亚洲风味,65,4196.86
12,MU18#158,MU18,美奈小馆钻石店,dining,亚洲风味,68,4754.72
12,MU17#159,MU17,阿嬷手作,dining,特色美食,77,3561.93
12,MU16g_h#160,MU16g_h,太二前传,dining,中式餐饮,77,4743.04
12,MU16f#161,MU16f,熟客·星马印料理,dining,亚洲风味,74,5660.82
12,MU16e#162,MU16e,鮨 · 半藏,dining,亚洲风味,62,3560.65
12,MU16d#163,MU16d,喜家德,dining,中式餐饮,83,4951.04
12,MU16c#164,MU16c,锋壹碗,dining,美食广场,63,2035.16
12,MU16k#165,MU16k,SONG Cafe,dining,休闲餐饮及烘焙,58,1902.33
12,MU16i#166,MU16i,入续·糖水铺与包·臻选,dining,休闲餐饮及烘焙,84,2252.46
12,MU16j#167,MU16j,意拾光,dining,西式风味,64,4541.15
12,MU16l#168,MU16l,ZAKUZAKU,dining,休闲餐饮及烘焙,66,1847.79
12,MU16b#169,MU16b,面道鲜师,dining,中式餐饮,78,4343.37
12,MU16a#170,MU16a,CONSOMMÉ,dining,美食广场,57,1544.12
12,MU14#172,MU14,Dior迪奥化妆品精品店,retail,保健 / 美容护理,13,1361.06
12,MU12#174,MU12,帕尔玛之水,retail,保健 / 美容护理,11,632.44
12,MU10#176,MU10,周生生,retail,珠宝 / 钟表 / 饰品,24,1830.93
12,MU08_MU09#177,MU08_MU09,卡纷,retail,女装,32,2079.77
12,MU05#181,MU05,肯佐,retail,休闲服 / 运动用品,9,1645.44
12,MU04#182,MU04,SANDRO,retail,女装,25,1360.26
12,MU03b#183,MU03b,肌肤之钥,retail,保健 / 美容护理,15,1588.7
12,MU02b_MU03a#184,MU02b_MU03a,GENTLE MONSTER,retail,珠宝 / 钟表 / 饰品,7,1480.25
12,MU02a#185,MU02a,蔻驰,retail,女装,10,1503.14
12,L1-L119#216,L1-L119,Bottega Veneta,retail,鞋 / 包 / 皮具用品,61,6955.91
12,L1-L118#217,L1-L118,MIU MIU,retail,女装,62,4150.06
12,L1-L117#218,L1-L117,BURBERRY,retail,女装 | 男装 | 鞋 / 包 / 皮具用品 | 珠宝 / 钟表 / 饰品,73,11210.24
12,L1-L116#219,L1-L116,BALENCIAGA,retail,女装 | 男装 | 鞋 / 包 / 皮具用品 | 珠宝 / 钟表 / 饰品,127,42363.17
12,L1-L115#220,L1-L115,芬廸,retail,女装 | 男装 | 鞋 / 包 / 皮具用品,91,9732.39
12,L1-L114#221,L1-L114,香奈儿,retail,,111,6450.37
12,L1-L114#222,L1-L114,香奈儿,retail,女装 | 珠宝 / 钟表 / 饰品 | 鞋 / 包 / 皮具用品,105,21841.81
12,L1-L113#223,L1-L113,古驰,retail,女装 | 男装 | 珠宝 / 钟表 / 饰品 | 鞋 / 包 / 皮具用品 | 工艺 / 家居 / 礼品,140,47482.03
12,L1-L112#224,L1-L112,PRADA,retail,女装 | 男装 | 珠宝 / 钟表 / 饰品,81,14722.05
12,L1-L112#225,L1-L112,PRADA,retail,女装 | 男装 | 珠宝 / 钟表 / 饰品,67,21943.19
12,L1-L111#226,L1-L111,迪奥,retail,,188,11916.66
12,L1-L109#228,L1-L109,麦克斯·马勒,retail,女装,92,8308.44
12,L1-L108#229,L1-L108,万宝龙,retail,珠宝 / 钟表 / 饰品,73,24912.11
12,L1-L108A#230,L1-L108A,万宝龙,retail,珠宝 / 钟表 / 饰品,71,9533.33
12,L1-L106-L107#232,L1-L106-L107,Van Cleef & Arpels,retail,珠宝 / 钟表 / 饰品,48,11228.89
12,L1-L104#234,L1-L104,卡地亚,retail,珠宝 / 钟表 / 饰品,63,20411.81
12,L1-L103#235,L1-L103,Loro Piana,retail,女装 | 男装,63,7661.66
12,L1-L101#237,L1-L101,路易威登,retail,,128,7701.96
12,L1-L120#239,L1-L120,亚历山大麦昆,retail,男装,69,7369.28
12,L1-L121#240,L1-L121,思琳广州太古汇精品店,retail,女装 | 男装 | 鞋 / 包 / 皮具用品 | 珠宝 / 钟表 / 饰品,96,26670.48
12,L1-L122#241,L1-L122,伯爵,retail,珠宝 / 钟表 / 饰品,94,14727.89
12,L1-L125#244,L1-L125,爱马仕,retail,,152,11570.03
12,L2-L226#275,L2-L226,日默瓦,retail,鞋 / 包 / 皮具用品,0,0
12,L2-L225B#276,L2-L225B,派,retail,珠宝 / 钟表 / 饰品,0,0
12,L2-L224#278,L2-L224,I.T,retail,女装 | 男装,0,0
12,L2-L223#279,L2-L223,范思哲,retail,女装 | 男装,0,0
12,L2-L221-L222#280,L2-L221-L222,溥仪眼镜,retail,珠宝 / 钟表 / 饰品,0,0
12,L2-L220#281,L2-L220,罗杰维维亚,retail,鞋 / 包 / 皮具用品,0,0
12,L2-L218-L219#282,L2-L218-L219,古驰,retail,女装 | 男装 | 珠宝 / 钟表 / 饰品 | 鞋 / 包 / 皮具用品,0,0
12,L2-L217#283,L2-L217,古驰,retail,女装 | 男装 | 珠宝 / 钟表 / 饰品 | 鞋 / 包 / 皮具用品 | 工艺 / 家居 / 礼品,0,0
12,L2-L216#284,L2-L216,PRADA,retail,女装 | 男装 | 珠宝 / 钟表 / 饰品,0,0
12,L2-L216#285,L2-L216,PRADA,retail,女装 | 男装 | 珠宝 / 钟表 / 饰品,0,0
12,L2-L215#286,L2-L215,迪奥,retail,女装 | 男装 | 鞋 / 包 / 皮具用品 | 珠宝 / 钟表 / 饰品,0,0
12,L2-L213#288,L2-L213,寇依,retail,女装 | 鞋 / 包 / 皮具用品,0,0
12,L2-L211#289,L2-L211,欧米茄,retail,珠宝 / 钟表 / 饰品,0,0
12,L2-L210A#291,L2-L210A,萧邦,retail,珠宝 / 钟表 / 饰品,0,0
12,L2-L209#292,L2-L209,FIFTH x Hair Code,retail,生活时尚,0,0
12,L2-L207-L208#293,L2-L207-L208,菲拉格慕,retail,鞋 / 包 / 皮具用品,0,0
12,L2-L206#294,L2-L206,吉米周,retail,鞋 / 包 / 皮具用品,0,0
12,L2-L205#295,L2-L205,瑭姆步朗,retail,女装 | 男装 | 鞋 / 包 / 皮具用品 | 童装 / 玩具,0,0
12,L2-L201#299,L2-L201,路易威登,retail,,0,0
12,L2-L228#300,L2-L228,Tory Burch,retail,女装 | 珠宝 / 钟表 / 饰品 | 鞋 / 包 / 皮具用品 | 工艺 / 家居 / 礼品 | 生活时尚,0,0
12,L2-L230#303,L2-L230,吉尔桑德,retail,女装 | 男装,0,0
12,L2-L233#306,L2-L233,爱马仕,retail,,0,0
12,L3-L302#329,L3-L302,gaga 品牌旗舰店,dining,西式风味,0,0
12,L3-L303#330,L3-L303,尚莲·越南泰国料理,dining,亚洲风味,0,0
12,L3-L304#331,L3-L304,glance,dining,西式风味,0,0
12,L3-L305#332,L3-L305,大象园,dining,西式风味,0,0
12,L3-L306#333,L3-L306,小山 炉端烧•鮨,dining,亚洲风味,0,0
12,L3-L307#334,L3-L307,御寶閣潮州酒家,dining,中式餐饮,0,0
12,L3-L308A#335,L3-L308A,超级猩猩,anchor,主力店,0,0
13,M33#16,M33,顺电,retail,影音 / 电器用品,41,1282.88
13,M30#19,M30,昂跑,retail,休闲服 / 运动用品,28,1705.5
13,M28#21,M28,之禾,retail,女装,63,8557.64
13,M26#23,M26,maje,retail,女装,73,4187.21
13,M25#24,M25,伊索,retail,保健 / 美容护理,19,1915.57
13,M24#25,M24,老铺黄金,retail,珠宝 / 钟表 / 饰品,25,12053.42
13,M21#28,M21,Olé精品超市,anchor,主力店,36,756.11
13,M15#33,M15,INITIAL,retail,女装 | 男装,15,0
13,M13#35,M13,Bang & Olufsen,retail,影音 / 电器用品,17,0
13,M12b#36,M12b,ELLE 路易士·嘉玛发廊,retail,保健 / 美容护理,1,0
13,M09#39,M09,雅德诺,retail,男装,21,2240.5
13,M07#41,M07,单农,retail,男装,11,1460.05
13,M05#43,M05,亮视点,retail,珠宝 / 钟表 / 饰品,51,12726.42
13,M03#45,M03,古驰美妆,retail,保健 / 美容护理,45,1934.44
13,M02#46,M02,APM Monaco,retail,珠宝 / 钟表 / 饰品,43,5502.25
13,M67#49,M67,周大福荟馆JEWELRIA精品店,retail,珠宝 / 钟表 / 饰品,48,14557.44
13,M66#50,M66,American Vintage,retail,女装,50,5393.18
13,M65#51,M65,self-portrait,retail,女装,60,6541.3
13,M64#52,M64,馥蕾诗,retail,保健 / 美容护理,95,5599.99
13,M63#53,M63,朋博湾,retail,童装 / 玩具,36,1655.59
13,M61#55,M61,ROCK&RIDE VINTAGE,retail,珠宝 / 钟表 / 饰品,38,9054.15
13,M60#56,M60,依诺,retail,女装,30,4472.69
13,M58#58,M58,Tabio,retail,休闲服 / 运动用品,25,1641.97
13,M57#59,M57,initial,retail,休闲服 / 运动用品,33,3605.84
13,M55#61,M55,泡泡玛特,retail,,45,3054.82
13,M48a#69,M48a,WASAI LIVING,retail,休闲服 / 运动用品,41,2776.09
13,M47#70,M47,TOMMY HILFIGER,retail,休闲服 / 运动用品,38,2516.78
13,M46#71,M46,LACOSTE,retail,休闲服 / 运动用品,42,1213.26
13,M45#72,M45,EVISU,retail,休闲服 / 运动用品,32,2346.0
13,M43#74,M43,摩安珂,retail,女装,36,5264.37
13,M41a#76,M41a,little Mo&Co.,retail,童装 / 玩具,47,3069.86
13,M41b#77,M41b,广天藏品,retail,工艺 / 家居 / 礼品,46,4156.53
13,MU35#118,MU35,方所,anchor,主力店,73,2472.29
13,MU36#119,MU36,始祖鸟,retail,休闲服 / 运动用品,29,2510.36
13,MU37#120,MU37,EVISU,retail,休闲服 / 运动用品,29,2619.82
13,MU38#121,MU38,CURIEL,retail,女装,18,794.87
13,MU38#122,MU38,GEGINA,retail,女装,20,3334.67
13,MU39#123,MU39,POLO RALPH LAUREN,retail,男装 | 女装,18,2848.99
13,MU39#124,MU39,GENTSPACE,retail,男装,14,632.83
13,MU41a#126,MU41a,Nespresso,dining,特色美食,46,1952.38
13,MU42#128,MU42,莆田餐厅,dining,亚洲风味,51,2718.16
13,MU44#131,MU44,浪琴广州太古汇直营店,retail,珠宝 / 钟表 / 饰品,15,4138.5
13,MU45#132,MU45,艾璞俪梦,retail,珠宝 / 钟表 / 饰品,22,0
13,MU45a#133,MU45a,曼尼陀,retail,女装 | 男装,22,2449.19
13,MU46#134,MU46,野兽派花店,retail,工艺 / 家居 / 礼品,37,3271.74
13,MU47a#135,MU47a,玛俪琳,retail,女装,47,4610.34
13,MU47b#136,MU47b,馥马尔、凯利安,retail,保健 / 美容护理,23,1025.58
13,MU48#137,MU48,露露乐蒙,retail,休闲服 / 运动用品,51,4169.28
13,MU32_MU33#145,MU32_MU33,潘海利根,retail,保健 / 美容护理,25,1049.89
13,MU32_MU33#146,MU32_MU33,阿蒂仙之香,retail,保健 / 美容护理,28,1520.36
13,MU31#147,MU31,珑骧,retail,鞋 / 包 / 皮具用品,46,4035.16
13,MU25#152,MU25,la prairie,retail,保健 / 美容护理,19,1306.22
13,MU20#155,MU20,叁木司.日式餐酒馆,dining,亚洲风味,95,6610.75
13,MU21#156,MU21,鳗几,dining,亚洲风味,121,8596.25
13,MU19#157,MU19,鼎泰丰,dining,亚洲风味,99,7729.12
13,MU18#158,MU18,美奈小馆钻石店,dining,亚洲风味,96,6941.93
13,MU17#159,MU17,阿嬷手作,dining,特色美食,95,3556.45
13,MU16g_h#160,MU16g_h,太二前传,dining,中式餐饮,122,9780.24
13,MU16f#161,MU16f,熟客·星马印料理,dining,亚洲风味,104,7556.43
13,MU16e#162,MU16e,鮨 · 半藏,dining,亚洲风味,95,6765.95
13,MU16d#163,MU16d,喜家德,dining,中式餐饮,105,7583.88
13,MU16c#164,MU16c,锋壹碗,dining,美食广场,88,3069.39
13,MU16k#165,MU16k,SONG Cafe,dining,休闲餐饮及烘焙,91,2351.48
13,MU16i#166,MU16i,入续·糖水铺与包·臻选,dining,休闲餐饮及烘焙,111,3011.51
13,MU16j#167,MU16j,意拾光,dining,西式风味,101,8589.64
13,MU16l#168,MU16l,ZAKUZAKU,dining,休闲餐饮及烘焙,100,3048.38
13,MU16b#169,MU16b,面道鲜师,dining,中式餐饮,106,8285.14
13,MU16a#170,MU16a,CONSOMMÉ,dining,美食广场,81,2166.37
13,MU14#172,MU14,Dior迪奥化妆品精品店,retail,保健 / 美容护理,22,0
13,MU12#174,MU12,帕尔玛之水,retail,保健 / 美容护理,17,1003.67
13,MU10#176,MU10,周生生,retail,珠宝 / 钟表 / 饰品,22,3522.14
13,MU08_MU09#177,MU08_MU09,卡纷,retail,女装,36,5354.88
13,MU05#181,MU05,肯佐,retail,休闲服 / 运动用品,20,1367.44
13,MU04#182,MU04,SANDRO,retail,女装,25,4039.32
13,MU03b#183,MU03b,肌肤之钥,retail,保健 / 美容护理,14,633.52
13,MU02b_MU03a#184,MU02b_MU03a,GENTLE MONSTER,retail,珠宝 / 钟表 / 饰品,12,1818.05
13,MU02a#185,MU02a,蔻驰,retail,女装,13,0
13,L1-L119#216,L1-L119,Bottega Veneta,retail,鞋 / 包 / 皮具用品,75,9966.81
13,L1-L118#217,L1-L118,MIU MIU,retail,女装,72,7992.99
13,L1-L117#218,L1-L117,BURBERRY,retail,女装 | 男装 | 鞋 / 包 / 皮具用品 | 珠宝 / 钟表 / 饰品,80,19145.27
13,L1-L116#219,L1-L116,BALENCIAGA,retail,女装 | 男装 | 鞋 / 包 / 皮具用品 | 珠宝 / 钟表 / 饰品,161,43302.31
13,L1-L115#220,L1-L115,芬廸,retail,女装 | 男装 | 鞋 / 包 / 皮具用品,106,11992.64
13,L1-L114#221,L1-L114,香奈儿,retail,,131,7148.84
13,L1-L114#222,L1-L114,香奈儿,retail,女装 | 珠宝 / 钟表 / 饰品 | 鞋 / 包 / 皮具用品,135,32186.59
13,L1-L113#223,L1-L113,古驰,retail,女装 | 男装 | 珠宝 / 钟表 / 饰品 | 鞋 / 包 / 皮具用品 | 工艺 / 家居 / 礼品,173,38107.47
13,L1-L112#224,L1-L112,PRADA,retail,女装 | 男装 | 珠宝 / 钟表 / 饰品,92,12087.52
13,L1-L112#225,L1-L112,PRADA,retail,女装 | 男装 | 珠宝 / 钟表 / 饰品,90,10221.2
13,L1-L111#226,L1-L111,迪奥,retail,,227,13555.77
13,L1-L109#228,L1-L109,麦克斯·马勒,retail,女装,119,13702.01
13,L1-L108#229,L1-L108,万宝龙,retail,珠宝 / 钟表 / 饰品,95,16186.51
13,L1-L108A#230,L1-L108A,万宝龙,retail,珠宝 / 钟表 / 饰品,81,17046.22
13,L1-L106-L107#232,L1-L106-L107,Van Cleef & Arpels,retail,珠宝 / 钟表 / 饰品,82,17961.71
13,L1-L104#234,L1-L104,卡地亚,retail,珠宝 / 钟表 / 饰品,81,16749.12
13,L1-L103#235,L1-L103,Loro Piana,retail,女装 | 男装,99,9602.13
13,L1-L101#237,L1-L101,路易威登,retail,,181,8367.74
13,L1-L120#239,L1-L120,亚历山大麦昆,retail,男装,99,8651.52
13,L1-L121#240,L1-L121,思琳广州太古汇精品店,retail,女装 | 男装 | 鞋 / 包 / 皮具用品 | 珠宝 / 钟表 / 饰品,113,32494.04
13,L1-L122#241,L1-L122,伯爵,retail,珠宝 / 钟表 / 饰品,115,31314.91
13,L1-L125#244,L1-L125,爱马仕,retail,,182,8275.64
13,L2-L226#275,L2-L226,日默瓦,retail,鞋 / 包 / 皮具用品,0,0
13,L2-L225B#276,L2-L225B,派,retail,珠宝 / 钟表 / 饰品,0,0
13,L2-L224#278,L2-L224,I.T,retail,女装 | 男装,0,0
13,L2-L223#279,L2-L223,范思哲,retail,女装 | 男装,0,0
13,L2-L221-L222#280,L2-L221-L222,溥仪眼镜,retail,珠宝 / 钟表 / 饰品,0,0
13,L2-L220#281,L2-L220,罗杰维维亚,retail,鞋 / 包 / 皮具用品,0,0
13,L2-L218-L219#282,L2-L218-L219,古驰,retail,女装 | 男装 | 珠宝 / 钟表 / 饰品 | 鞋 / 包 / 皮具用品,0,0
13,L2-L217#283,L2-L217,古驰,retail,女装 | 男装 | 珠宝 / 钟表 / 饰品 | 鞋 / 包 / 皮具用品 | 工艺 / 家居 / 礼品,0,0
13,L2-L216#284,L2-L216,PRADA,retail,女装 | 男装 | 珠宝 / 钟表 / 饰品,0,0
13,L2-L216#285,L2-L216,PRADA,retail,女装 | 男装 | 珠宝 / 钟表 / 饰品,0,0
13,L2-L215#286,L2-L215,迪奥,retail,女装 | 男装 | 鞋 / 包 / 皮具用品 | 珠宝 / 钟表 / 饰品,0,0
13,L2-L213#288,L2-L213,寇依,retail,女装 | 鞋 / 包 / 皮具用品,0,0
13,L2-L211#289,L2-L211,欧米茄,retail,珠宝 / 钟表 / 饰品,0,0
13,L2-L210A#291,L2-L210A,萧邦,retail,珠宝 / 钟表 / 饰品,0,0
13,L2-L209#292,L2-L209,FIFTH x Hair Code,retail,生活时尚,0,0
13,L2-L207-L208#293,L2-L207-L208,菲拉格慕,retail,鞋 / 包 / 皮具用品,0,0
13,L2-L206#294,L2-L206,吉米周,retail,鞋 / 包 / 皮具用品,0,0
13,L2-L205#295,L2-L205,瑭姆步朗,retail,女装 | 男装 | 鞋 / 包 / 皮具用品 | 童装 / 玩具,0,0
13,L2-L201#299,L2-L201,路易威登,retail,,0,0
13,L2-L228#300,L2-L228,Tory Burch,retail,女装 | 珠宝 / 钟表 / 饰品 | 鞋 / 包 / 皮具用品 | 工艺 / 家居 / 礼品 | 生活时尚,0,0
13,L2-L230#303,L2-L230,吉尔桑德,retail,女装 | 男装,0,0
13,L2-L233#306,L2-L233,爱马仕,retail,,0,0
13,L3-L302#329,L3-L302,gaga 品牌旗舰店,dining,西式风味,0,0
13,L3-L303#330,L3-L303,尚莲·越南泰国料理,dining,亚洲风味,0,0
13,L3-L304#331,L3-L304,glance,dining,西式风味,0,0
13,L3-L305#332,L3-L305,大象园,dining,西式风味,0,0
13,L3-L306#333,L3-L306,小山 炉端烧•鮨,dining,亚洲风味,0,0
13,L3-L307#334,L3-L307,御寶閣潮州酒家,dining,中式餐饮,0,0
13,L3-L308A#335,L3-L308A,超级猩猩,anchor,主力店,0,0
14,M33#16,M33,顺电,retail,影音 / 电器用品,37,2649.66
14,M30#19,M30,昂跑,retail,休闲服 / 运动用品,26,1301.77
14,M28#21,M28,之禾,retail,女装,65,6758.17
14,M26#23,M26,maje,retail,女装,68,5885.18
14,M25#24,M25,伊索,retail,保健 / 美容护理,23,912.16
14,M24#25,M24,老铺黄金,retail,珠宝 / 钟表 / 饰品,33,9145.56
14,M21#28,M21,Olé精品超市,anchor,主力店,42,1445.52
14,M15#33,M15,INITIAL,retail,女装 | 男装,17,2113.13
14,M13#35,M13,Bang & Olufsen,retail,影音 / 电器用品,20,345.76
14,M12b#36,M12b,ELLE 路易士·嘉玛发廊,retail,保健 / 美容护理,6,353.96
14,M09#39,M09,雅德诺,retail,男装,15,2020.68
14,M07#41,M07,单农,retail,男装,18,2644.95
14,M05#43,M05,亮视点,retail,珠宝 / 钟表 / 饰品,61,15762.21
14,M03#45,M03,古驰美妆,retail,保健 / 美容护理,42,1218.92
14,M02#46,M02,APM Monaco,retail,珠宝 / 钟表 / 饰品,41,14523.51
14,M67#49,M67,周大福荟馆JEWELRIA精品店,retail,珠宝 / 钟表 / 饰品,52,13708.09
14,M66#50,M66,American Vintage,retail,女装,43,5394.07
14,M65#51,M65,self-portrait,retail,女装,63,4955.63
14,M64#52,M64,馥蕾诗,retail,保健 / 美容护理,80,4004.78
14,M63#53,M63,朋博湾,retail,童装 / 玩具,34,821.27
14,M61#55,M61,ROCK&RIDE VINTAGE,retail,珠宝 / 钟表 / 饰品,36,14926.27
14,M60#56,M60,依诺,retail,女装,37,6627.0
14,M58#58,M58,Tabio,retail,休闲服 / 运动用品,37,2476.64
14,M57#59,M57,initial,retail,休闲服 / 运动用品,35,769.15
14,M55#61,M55,泡泡玛特,retail,,27,414.84
14,M48a#69,M48a,WASAI LIVING,retail,休闲服 / 运动用品,32,1309.01
14,M47#70,M47,TOMMY HILFIGER,retail,休闲服 / 运动用品,41,2905.47
14,M46#71,M46,LACOSTE,retail,休闲服 / 运动用品,46,2144.88
14,M45#72,M45,EVISU,retail,休闲服 / 运动用品,36,1635.82
14,M43#74,M43,摩安珂,retail,女装,32,2126.39
14,M41a#76,M41a,little Mo&Co.,retail,童装 / 玩具,42,1489.14
14,M41b#77,M41b,广天藏品,retail,工艺 / 家居 / 礼品,37,2816.6
14,MU35#118,MU35,方所,anchor,主力店,87,2211.38
14,MU36#119,MU36,始祖鸟,retail,休闲服 / 运动用品,38,3776.81
14,MU37#120,MU37,EVISU,retail,休闲服 / 运动用品,34,819.91
14,MU38#121,MU38,CURIEL,retail,女装,28,1992.08
14,MU38#122,MU38,GEGINA,retail,女装,20,796.48
14,MU39#123,MU39,POLO RALPH LAUREN,retail,男装 | 女装,34,1880.61
14,MU39#124,MU39,GENTSPACE,retail,男装,21,3276.18
14,MU41a#126,MU41a,Nespresso,dining,特色美食,36,524.13
14,MU42#128,MU42,莆田餐厅,dining,亚洲风味,27,1401.04
14,MU44#131,MU44,浪琴广州太古汇直营店,retail,珠宝 / 钟表 / 饰品,30,3620.03
14,MU45#132,MU45,艾璞俪梦,retail,珠宝 / 钟表 / 饰品,26,4986.81
14,MU45a#133,MU45a,曼尼陀,retail,女装 | 男装,22,3556.22
14,MU46#134,MU46,野兽派花店,retail,工艺 / 家居 / 礼品,27,2419.03
14,MU47a#135,MU47a,玛俪琳,retail,女装,50,3244.85
14,MU47b#136,MU47b,馥马尔、凯利安,retail,保健 / 美容护理,43,3073.17
14,MU48#137,MU48,露露乐蒙,retail,休闲服 / 运动用品,52,4585.95
14,MU32_MU33#145,MU32_MU33,潘海利根,retail,保健 / 美容护理,37,2965.7
14,MU32_MU33#146,MU32_MU33,阿蒂仙之香,retail,保健 / 美容护理,35,2386.49
14,MU31#147,MU31,珑骧,retail,鞋 / 包 / 皮具用品,55,10127.41
14,MU25#152,MU25,la prairie,retail,保健 / 美容护理,29,590.31
14,MU20#155,MU20,叁木司.日式餐酒馆,dining,亚洲风味,54,2469.53
14,MU21#156,MU21,鳗几,dining,亚洲风味,84,3984.32
14,MU19#157,MU19,鼎泰丰,dining,亚洲风味,49,1924.23
14,MU18#158,MU18,美奈小馆钻石店,dining,亚洲风味,61,2839.57
14,MU17#159,MU17,阿嬷手作,dining,特色美食,58,2150.2
14,MU16g_h#160,MU16g_h,太二前传,dining,中式餐饮,68,3390.89
14,MU16f#161,MU16f,熟客·星马印料理,dining,亚洲风味,69,3492.9
14,MU16e#162,MU16e,鮨 · 半藏,dining,亚洲风味,65,2867.18
14,MU16d#163,MU16d,喜家德,dining,中式餐饮,67,4008.87
14,MU16c#164,MU16c,锋壹碗,dining,美食广场,57,1169.3
14,MU16k#165,MU16k,SONG Cafe,dining,休闲餐饮及烘焙,56,1528.66
14,MU16i#166,MU16i,入续·糖水铺与包·臻选,dining,休闲餐饮及烘焙,75,1445.75
14,MU16j#167,MU16j,意拾光,dining,西式风味,58,1921.19
14,MU16l#168,MU16l,ZAKUZAKU,dining,休闲餐饮及烘焙,68,1148.93
14,MU16b#169,MU16b,面道鲜师,dining,中式餐饮,70,4325.3
14,MU16a#170,MU16a,CONSOMMÉ,dining,美食广场,61,1134.76
14,MU14#172,MU14,Dior迪奥化妆品精品店,retail,保健 / 美容护理,48,2822.68
14,MU12#174,MU12,帕尔玛之水,retail,保健 / 美容护理,24,1244.26
14,MU10#176,MU10,周生生,retail,珠宝 / 钟表 / 饰品,31,3617.88
14,MU08_MU09#177,MU08_MU09,卡纷,retail,女装,54,6504.05
14,MU05#181,MU05,肯佐,retail,休闲服 / 运动用品,36,1682.11
14,MU04#182,MU04,SANDRO,retail,女装,52,5965.75
14,MU03b#183,MU03b,肌肤之钥,retail,保健 / 美容护理,35,1695.08
14,MU02b_MU03a#184,MU02b_MU03a,GENTLE MONSTER,retail,珠宝 / 钟表 / 饰品,21,5001.2
14,MU02a#185,MU02a,蔻驰,retail,女装,17,3458.57
14,L1-L119#216,L1-L119,Bottega Veneta,retail,鞋 / 包 / 皮具用品,65,10059.27
14,L1-L118#217,L1-L118,MIU MIU,retail,女装,87,5474.69
14,L1-L117#218,L1-L117,BURBERRY,retail,女装 | 男装 | 鞋 / 包 / 皮具用品 | 珠宝 / 钟表 / 饰品,74,16459.34
14,L1-L116#219,L1-L116,BALENCIAGA,retail,女装 | 男装 | 鞋 / 包 / 皮具用品 | 珠宝 / 钟表 / 饰品,159,34672.99
14,L1-L115#220,L1-L115,芬廸,retail,女装 | 男装 | 鞋 / 包 / 皮具用品,106,10397.92
14,L1-L114#221,L1-L114,香奈儿,retail,,146,5296.72
14,L1-L114#222,L1-L114,香奈儿,retail,女装 | 珠宝 / 钟表 / 饰品 | 鞋 / 包 / 皮具用品,127,29404.19
14,L1-L113#223,L1-L113,古驰,retail,女装 | 男装 | 珠宝 / 钟表 / 饰品 | 鞋 / 包 / 皮具用品 | 工艺 / 家居 / 礼品,185,37358.98
14,L1-L112#224,L1-L112,PRADA,retail,女装 | 男装 | 珠宝 / 钟表 / 饰品,97,23064.22
14,L1-L112#225,L1-L112,PRADA,retail,女装 | 男装 | 珠宝 / 钟表 / 饰品,104,26178.46
14,L1-L111#226,L1-L111,迪奥,retail,,224,13034.61
14,L1-L109#228,L1-L109,麦克斯·马勒,retail,女装,92,6441.04
14,L1-L108#229,L1-L108,万宝龙,retail,珠宝 / 钟表 / 饰品,65,11126.68
14,L1-L108A#230,L1-L108A,万宝龙,retail,珠宝 / 钟表 / 饰品,70,19835.59
14,L1-L106-L107#232,L1-L106-L107,Van Cleef & Arpels,retail,珠宝 / 钟表 / 饰品,60,5156.13
14,L1-L104#234,L1-L104,卡地亚,retail,珠宝 / 钟表 / 饰品,68,13663.77
14,L1-L103#235,L1-L103,Loro Piana,retail,女装 | 男装,76,7262.74
14,L1-L101#237,L1-L101,路易威登,retail,,150,9106.75
14,L1-L120#239,L1-L120,亚历山大麦昆,retail,男装,92,5886.11
14,L1-L121#240,L1-L121,思琳广州太古汇精品店,retail,女装 | 男装 | 鞋 / 包 / 皮具用品 | 珠宝 / 钟表 / 饰品,99,28920.12
14,L1-L122#241,L1-L122,伯爵,retail,珠宝 / 钟表 / 饰品,91,17442.4
14,L1-L125#244,L1-L125,爱马仕,retail,,174,6857.66
14,L2-L226#275,L2-L226,日默瓦,retail,鞋 / 包 / 皮具用品,0,0
14,L2-L225B#276,L2-L225B,派,retail,珠宝 / 钟表 / 饰品,0,0
14,L2-L224#278,L2-L224,I.T,retail,女装 | 男装,0,0
14,L2-L223#279,L2-L223,范思哲,retail,女装 | 男装,0,0
14,L2-L221-L222#280,L2-L221-L222,溥仪眼镜,retail,珠宝 / 钟表 / 饰品,0,0
14,L2-L220#281,L2-L220,罗杰维维亚,retail,鞋 / 包 / 皮具用品,0,0
14,L2-L218-L219#282,L2-L218-L219,古驰,retail,女装 | 男装 | 珠宝 / 钟表 / 饰品 | 鞋 / 包 / 皮具用品,0,0
14,L2-L217#283,L2-L217,古驰,retail,女装 | 男装 | 珠宝 / 钟表 / 饰品 | 鞋 / 包 / 皮具用品 | 工艺 / 家居 / 礼品,0,0
14,L2-L216#284,L2-L216,PRADA,retail,女装 | 男装 | 珠宝 / 钟表 / 饰品,0,0
14,L2-L216#285,L2-L216,PRADA,retail,女装 | 男装 | 珠宝 / 钟表 / 饰品,0,0
14,L2-L215#286,L2-L215,迪奥,retail,女装 | 男装 | 鞋 / 包 / 皮具用品 | 珠宝 / 钟表 / 饰品,0,0
14,L2-L213#288,L2-L213,寇依,retail,女装 | 鞋 / 包 / 皮具用品,0,0
14,L2-L211#289,L2-L211,欧米茄,retail,珠宝 / 钟表 / 饰品,0,0
14,L2-L210A#291,L2-L210A,萧邦,retail,珠宝 / 钟表 / 饰品,0,0
14,L2-L209#292,L2-L209,FIFTH x Hair Code,retail,生活时尚,0,0
14,L2-L207-L208#293,L2-L207-L208,菲拉格慕,retail,鞋 / 包 / 皮具用品,0,0
14,L2-L206#294,L2-L206,吉米周,retail,鞋 / 包 / 皮具用品,0,0
14,L2-L205#295,L2-L205,瑭姆步朗,retail,女装 | 男装 | 鞋 / 包 / 皮具用品 | 童装 / 玩具,0,0
14,L2-L201#299,L2-L201,路易威登,retail,,0,0
14,L2-L228#300,L2-L228,Tory Burch,retail,女装 | 珠宝 / 钟表 / 饰品 | 鞋 / 包 / 皮具用品 | 工艺 / 家居 / 礼品 | 生活时尚,0,0
14,L2-L230#303,L2-L230,吉尔桑德,retail,女装 | 男装,0,0
14,L2-L233#306,L2-L233,爱马仕,retail,,0,0
14,L3-L302#329,L3-L302,gaga 品牌旗舰店,dining,西式风味,0,0
14,L3-L303#330,L3-L303,尚莲·越南泰国料理,dining,亚洲风味,0,0
14,L3-L304#331,L3-L304,glance,dining,西式风味,0,0
14,L3-L305#332,L3-L305,大象园,dining,西式风味,0,0
14,L3-L306#333,L3-L306,小山 炉端烧•鮨,dining,亚洲风味,0,0
14,L3-L307#334,L3-L307,御寶閣潮州酒家,dining,中式餐饮,0,0
14,L3-L308A#335,L3-L308A,超级猩猩,anchor,主力店,0,0
15,M33#16,M33,顺电,retail,影音 / 电器用品,39,4672.07
15,M30#19,M30,昂跑,retail,休闲服 / 运动用品,29,3002.44
15,M28#21,M28,之禾,retail,女装,51,7085.13
15,M26#23,M26,maje,retail,女装,52,6629.56
15,M25#24,M25,伊索,retail,保健 / 美容护理,18,634.41
15,M24#25,M24,老铺黄金,retail,珠宝 / 钟表 / 饰品,25,6981.14
15,M21#28,M21,Olé精品超市,anchor,主力店,28,937.81
15,M15#33,M15,INITIAL,retail,女装 | 男装,18,3912.92
15,M13#35,M13,Bang & Olufsen,retail,影音 / 电器用品,21,1543.9
15,M12b#36,M12b,ELLE 路易士·嘉玛发廊,retail,保健 / 美容护理,3,285.16
15,M09#39,M09,雅德诺,retail,男装,19,2623.27
15,M07#41,M07,单农,retail,男装,12,1347.43
15,M05#43,M05,亮视点,retail,珠宝 / 钟表 / 饰品,44,19826.76
15,M03#45,M03,古驰美妆,retail,保健 / 美容护理,38,1803.48
15,M02#46,M02,APM Monaco,retail,珠宝 / 钟表 / 饰品,41,8434.54
15,M67#49,M67,周大福荟馆JEWELRIA精品店,retail,珠宝 / 钟表 / 饰品,47,17243.36
15,M66#50,M66,American Vintage,retail,女装,32,1267.71
15,M65#51,M65,self-portrait,retail,女装,57,6023.86
15,M64#52,M64,馥蕾诗,retail,保健 / 美容护理,87,5645.21
15,M63#53,M63,朋博湾,retail,童装 / 玩具,45,2011.07
15,M61#55,M61,ROCK&RIDE VINTAGE,retail,珠宝 / 钟表 / 饰品,41,14425.15
15,M60#56,M60,依诺,retail,女装,28,4880.35
15,M58#58,M58,Tabio,retail,休闲服 / 运动用品,37,3599.55
15,M57#59,M57,initial,retail,休闲服 / 运动用品,44,5264.81
15,M55#61,M55,泡泡玛特,retail,,31,1694.49
15,M48a#69,M48a,WASAI LIVING,retail,休闲服 / 运动用品,30,2256.42
15,M47#70,M47,TOMMY HILFIGER,retail,休闲服 / 运动用品,33,1781.03
15,M46#71,M46,LACOSTE,retail,休闲服 / 运动用品,35,3428.65
15,M45#72,M45,EVISU,retail,休闲服 / 运动用品,33,2123.11
15,M43#74,M43,摩安珂,retail,女装,34,7482.92
15,M41a#76,M41a,little Mo&Co.,retail,童装 / 玩具,32,3269.28
15,M41b#77,M41b,广天藏品,retail,工艺 / 家居 / 礼品,32,2108.33
15,MU35#118,MU35,方所,anchor,主力店,79,2049.29
15,MU36#119,MU36,始祖鸟,retail,休闲服 / 运动用品,42,3575.45
15,MU37#120,MU37,EVISU,retail,休闲服 / 运动用品,53,4780.72
15,MU38#121,MU38,CURIEL,retail,女装,37,3390.99
15,MU38#122,MU38,GEGINA,retail,女装,26,2005.3
15,MU39#123,MU39,POLO RALPH LAUREN,retail,男装 | 女装,27,2827.24
15,MU39#124,MU39,GENTSPACE,retail,男装,36,5335.04
15,MU41a#126,MU41a,Nespresso,dining,特色美食,26,507.09
15,MU42#128,MU42,莆田餐厅,dining,亚洲风味,28,266.05
15,MU44#131,MU44,浪琴广州太古汇直营店,retail,珠宝 / 钟表 / 饰品,25,15765.51
15,MU45#132,MU45,艾璞俪梦,retail,珠宝 / 钟表 / 饰品,28,14693.21
15,MU45a#133,MU45a,曼尼陀,retail,女装 | 男装,28,4260.04
15,MU46#134,MU46,野兽派花店,retail,工艺 / 家居 / 礼品,47,2820.23
15,MU47a#135,MU47a,玛俪琳,retail,女装,59,4413.4
15,MU47b#136,MU47b,馥马尔、凯利安,retail,保健 / 美容护理,29,1255.02
15,MU48#137,MU48,露露乐蒙,retail,休闲服 / 运动用品,55,4786.86
15,MU32_MU33#145,MU32_MU33,潘海利根,retail,保健 / 美容护理,41,2776.07
15,MU32_MU33#146,MU32_MU33,阿蒂仙之香,retail,保健 / 美容护理,43,2335.54
15,MU31#147,MU31,珑骧,retail,鞋 / 包 / 皮具用品,57,11443.39
15,MU25#152,MU25,la prairie,retail,保健 / 美容护理,38,1924.61
15,MU20#155,MU20,叁木司.日式餐酒馆,dining,亚洲风味,55,2673.87
15,MU21#156,MU21,鳗几,dining,亚洲风味,74,2684.54
15,MU19#157,MU19,鼎泰丰,dining,亚洲风味,48,2152.38
15,MU18#158,MU18,美奈小馆钻石店,dining,亚洲风味,45,1846.07
15,MU17#159,MU17,阿嬷手作,dining,特色美食,54,1413.47
15,MU16g_h#160,MU16g_h,太二前传,dining,中式餐饮,57,3355.34
15,MU16f#161,MU16f,熟客·星马印料理,dining,亚洲风味,50,2957.74
15,MU16e#162,MU16e,鮨 · 半藏,dining,亚洲风味,32,1500.5
15,MU16d#163,MU16d,喜家德,dining,中式餐饮,39,1473.43
15,MU16c#164,MU16c,锋壹碗,dining,美食广场,46,656.18
15,MU16k#165,MU16k,SONG Cafe,dining,休闲餐饮及烘焙,39,575.99
15,MU16i#166,MU16i,入续·糖水铺与包·臻选,dining,休闲餐饮及烘焙,56,1412.14
15,MU16j#167,MU16j,意拾光,dining,西式风味,55,2468.4
15,MU16l#168,MU16l,ZAKUZAKU,dining,休闲餐饮及烘焙,39,709.66
15,MU16b#169,MU16b,面道鲜师,dining,中式餐饮,49,2027.66
15,MU16a#170,MU16a,CONSOMMÉ,dining,美食广场,45,839.05
15,MU14#172,MU14,Dior迪奥化妆品精品店,retail,保健 / 美容护理,38,1940.79
15,MU12#174,MU12,帕尔玛之水,retail,保健 / 美容护理,29,955.42
15,MU10#176,MU10,周生生,retail,珠宝 / 钟表 / 饰品,49,14650.41
15,MU08_MU09#177,MU08_MU09,卡纷,retail,女装,46,7537.6
15,MU05#181,MU05,肯佐,retail,休闲服 / 运动用品,44,5884.03
15,MU04#182,MU04,SANDRO,retail,女装,69,4767.89
15,MU03b#183,MU03b,肌肤之钥,retail,保健 / 美容护理,31,1910.73
15,MU02b_MU03a#184,MU02b_MU03a,GENTLE MONSTER,retail,珠宝 / 钟表 / 饰品,20,5155.29
15,MU02a#185,MU02a,蔻驰,retail,女装,25,4943.93
15,L1-L119#216,L1-L119,Bottega Veneta,retail,鞋 / 包 / 皮具用品,89,15329.72
15,L1-L118#217,L1-L118,MIU MIU,retail,女装,73,6924.47
15,L1-L117#218,L1-L117,BURBERRY,retail,女装 | 男装 | 鞋 / 包 / 皮具用品 | 珠宝 / 钟表 / 饰品,85,28076.86
15,L1-L116#219,L1-L116,BALENCIAGA,retail,女装 | 男装 | 鞋 / 包 / 皮具用品 | 珠宝 / 钟表 / 饰品,153,49369.77
15,L1-L115#220,L1-L115,芬廸,retail,女装 | 男装 | 鞋 / 包 / 皮具用品,104,11186.33
15,L1-L114#221,L1-L114,香奈儿,retail,,131,7876.91
15,L1-L114#222,L1-L114,香奈儿,retail,女装 | 珠宝 / 钟表 / 饰品 | 鞋 / 包 / 皮具用品,137,49553.88
15,L1-L113#223,L1-L113,古驰,retail,女装 | 男装 | 珠宝 / 钟表 / 饰品 | 鞋 / 包 / 皮具用品 | 工艺 / 家居 / 礼品,172,53298.02
15,L1-L112#224,L1-L112,PRADA,retail,女装 | 男装 | 珠宝 / 钟表 / 饰品,93,32482.26
15,L1-L112#225,L1-L112,PRADA,retail,女装 | 男装 | 珠宝 / 钟表 / 饰品,94,29705.75
15,L1-L111#226,L1-L111,迪奥,retail,,196,16876.67
15,L1-L109#228,L1-L109,麦克斯·马勒,retail,女装,94,15707.24
15,L1-L108#229,L1-L108,万宝龙,retail,珠宝 / 钟表 / 饰品,92,29356.12
15,L1-L108A#230,L1-L108A,万宝龙,retail,珠宝 / 钟表 / 饰品,76,19874.2
15,L1-L106-L107#232,L1-L106-L107,Van Cleef & Arpels,retail,珠宝 / 钟表 / 饰品,62,22425.13
15,L1-L104#234,L1-L104,卡地亚,retail,珠宝 / 钟表 / 饰品,84,30493.45
15,L1-L103#235,L1-L103,Loro Piana,retail,女装 | 男装,91,10920.47
15,L1-L101#237,L1-L101,路易威登,retail,,162,10510.48
15,L1-L120#239,L1-L120,亚历山大麦昆,retail,男装,79,11419.61
15,L1-L121#240,L1-L121,思琳广州太古汇精品店,retail,女装 | 男装 | 鞋 / 包 / 皮具用品 | 珠宝 / 钟表 / 饰品,88,35796.41
15,L1-L122#241,L1-L122,伯爵,retail,珠宝 / 钟表 / 饰品,107,41213.37
15,L1-L125#244,L1-L125,爱马仕,retail,,190,17005.62
15,L2-L226#275,L2-L226,日默瓦,retail,鞋 / 包 / 皮具用品,0,0
15,L2-L225B#276,L2-L225B,派,retail,珠宝 / 钟表 / 饰品,0,0
15,L2-L224#278,L2-L224,I.T,retail,女装 | 男装,0,0
15,L2-L223#279,L2-L223,范思哲,retail,女装 | 男装,0,0
15,L2-L221-L222#280,L2-L221-L222,溥仪眼镜,retail,珠宝 / 钟表 / 饰品,0,0
15,L2-L220#281,L2-L220,罗杰维维亚,retail,鞋 / 包 / 皮具用品,0,0
15,L2-L218-L219#282,L2-L218-L219,古驰,retail,女装 | 男装 | 珠宝 / 钟表 / 饰品 | 鞋 / 包 / 皮具用品,0,0
15,L2-L217#283,L2-L217,古驰,retail,女装 | 男装 | 珠宝 / 钟表 / 饰品 | 鞋 / 包 / 皮具用品 | 工艺 / 家居 / 礼品,0,0
15,L2-L216#284,L2-L216,PRADA,retail,女装 | 男装 | 珠宝 / 钟表 / 饰品,0,0
15,L2-L216#285,L2-L216,PRADA,retail,女装 | 男装 | 珠宝 / 钟表 / 饰品,0,0
15,L2-L215#286,L2-L215,迪奥,retail,女装 | 男装 | 鞋 / 包 / 皮具用品 | 珠宝 / 钟表 / 饰品,0,0
15,L2-L213#288,L2-L213,寇依,retail,女装 | 鞋 / 包 / 皮具用品,0,0
15,L2-L211#289,L2-L211,欧米茄,retail,珠宝 / 钟表 / 饰品,0,0
15,L2-L210A#291,L2-L210A,萧邦,retail,珠宝 / 钟表 / 饰品,0,0
15,L2-L209#292,L2-L209,FIFTH x Hair Code,retail,生活时尚,0,0
15,L2-L207-L208#293,L2-L207-L208,菲拉格慕,retail,鞋 / 包 / 皮具用品,0,0
15,L2-L206#294,L2-L206,吉米周,retail,鞋 / 包 / 皮具用品,0,0
15,L2-L205#295,L2-L205,瑭姆步朗,retail,女装 | 男装 | 鞋 / 包 / 皮具用品 | 童装 / 玩具,0,0
15,L2-L201#299,L2-L201,路易威登,retail,,0,0
15,L2-L228#300,L2-L228,Tory Burch,retail,女装 | 珠宝 / 钟表 / 饰品 | 鞋 / 包 / 皮具用品 | 工艺 / 家居 / 礼品 | 生活时尚,0,0
15,L2-L230#303,L2-L230,吉尔桑德,retail,女装 | 男装,0,0
15,L2-L233#306,L2-L233,爱马仕,retail,,0,0
15,L3-L302#329,L3-L302,gaga 品牌旗舰店,dining,西式风味,0,0
15,L3-L303#330,L3-L303,尚莲·越南泰国料理,dining,亚洲风味,0,0
15,L3-L304#331,L3-L304,glance,dining,西式风味,0,0
15,L3-L305#332,L3-L305,大象园,dining,西式风味,0,0
15,L3-L306#333,L3-L306,小山 炉端烧•鮨,dining,亚洲风味,0,0
15,L3-L307#334,L3-L307,御寶閣潮州酒家,dining,中式餐饮,0,0
15,L3-L308A#335,L3-L308A,超级猩猩,anchor,主力店,0,0
16,M33#16,M33,顺电,retail,影音 / 电器用品,36,2821.87
16,M30#19,M30,昂跑,retail,休闲服 / 运动用品,39,1758.21
16,M28#21,M28,之禾,retail,女装,60,8017.42
16,M26#23,M26,maje,retail,女装,66,8419.56
16,M25#24,M25,伊索,retail,保健 / 美容护理,34,1937.01
16,M24#25,M24,老铺黄金,retail,珠宝 / 钟表 / 饰品,22,6716.4
16,M21#28,M21,Olé精品超市,anchor,主力店,26,852.76
16,M15#33,M15,INITIAL,retail,女装 | 男装,19,2542.66
16,M13#35,M13,Bang & Olufsen,retail,影音 / 电器用品,24,868.13
16,M12b#36,M12b,ELLE 路易士·嘉玛发廊,retail,保健 / 美容护理,9,1339.49
16,M09#39,M09,雅德诺,retail,男装,19,1403.8
16,M07#41,M07,单农,retail,男装,15,776.37
16,M05#43,M05,亮视点,retail,珠宝 / 钟表 / 饰品,59,20877.58
16,M03#45,M03,古驰美妆,retail,保健 / 美容护理,38,2484.64
16,M02#46,M02,APM Monaco,retail,珠宝 / 钟表 / 饰品,39,15147.21
16,M67#49,M67,周大福荟馆JEWELRIA精品店,retail,珠宝 / 钟表 / 饰品,62,30736.52
16,M66#50,M66,American Vintage,retail,女装,46,5680.85
16,M65#51,M65,self-portrait,retail,女装,64,9378.41
16,M64#52,M64,馥蕾诗,retail,保健 / 美容护理,84,3790.2
16,M63#53,M63,朋博湾,retail,童装 / 玩具,39,5371.21
16,M61#55,M61,ROCK&RIDE VINTAGE,retail,珠宝 / 钟表 / 饰品,50,18312.7
16,M60#56,M60,依诺,retail,女装,36,2236.63
16,M58#58,M58,Tabio,retail,休闲服 / 运动用品,34,2236.75
16,M57#59,M57,initial,retail,休闲服 / 运动用品,50,4057.03
16,M55#61,M55,泡泡玛特,retail,,40,4333.3
16,M48a#69,M48a,WASAI LIVING,retail,休闲服 / 运动用品,39,2788.73
16,M47#70,M47,TOMMY HILFIGER,retail,休闲服 / 运动用品,37,3384.61
16,M46#71,M46,LACOSTE,retail,休闲服 / 运动用品,35,3066.29
16,M45#72,M45,EVISU,retail,休闲服 / 运动用品,33,1323.38
16,M43#74,M43,摩安珂,retail,女装,30,4789.2
16,M41a#76,M41a,little Mo&Co.,retail,童装 / 玩具,40,3101.3
16,M41b#77,M41b,广天藏品,retail,工艺 / 家居 / 礼品,39,2810.73
16,MU35#118,MU35,方所,anchor,主力店,87,2453.23
16,MU36#119,MU36,始祖鸟,retail,休闲服 / 运动用品,39,2209.25
16,MU37#120,MU37,EVISU,retail,休闲服 / 运动用品,35,4385.75
16,MU38#121,MU38,CURIEL,retail,女装,24,3438.58
16,MU38#122,MU38,GEGINA,retail,女装,29,2468.78
16,MU39#123,MU39,POLO RALPH LAUREN,retail,男装 | 女装,32,6280.26
16,MU39#124,MU39,GENTSPACE,retail,男装,27,2166.27
16,MU41a#126,MU41a,Nespresso,dining,特色美食,44,875.02
16,MU42#128,MU42,莆田餐厅,dining,亚洲风味,33,1191.19
16,MU44#131,MU44,浪琴广州太古汇直营店,retail,珠宝 / 钟表 / 饰品,23,11256.42
16,MU45#132,MU45,艾璞俪梦,retail,珠宝 / 钟表 / 饰品,25,9563.28
16,MU45a#133,MU45a,曼尼陀,retail,女装 | 男装,32,1548.63
16,MU46#134,MU46,野兽派花店,retail,工艺 / 家居 / 礼品,53,5146.11
16,MU47a#135,MU47a,玛俪琳,retail,女装,69,11403.06
16,MU47b#136,MU47b,馥马尔、凯利安,retail,保健 / 美容护理,51,3978.57
16,MU48#137,MU48,露露乐蒙,retail,休闲服 / 运动用品,72,6821.31
16,MU32_MU33#145,MU32_MU33,潘海利根,retail,保健 / 美容护理,51,3691.48
16,MU32_MU33#146,MU32_MU33,阿蒂仙之香,retail,保健 / 美容护理,45,1646.74
16,MU31#147,MU31,珑骧,retail,鞋 / 包 / 皮具用品,68,10791.89
16,MU25#152,MU25,la prairie,retail,保健 / 美容护理,30,718.36
16,MU20#155,MU20,叁木司.日式餐酒馆,dining,亚洲风味,39,1381.78
16,MU21#156,MU21,鳗几,dining,亚洲风味,73,3104.07
16,MU19#157,MU19,鼎泰丰,dining,亚洲风味,40,1457.53
16,MU18#158,MU18,美奈小馆钻石店,dining,亚洲风味,54,1684.47
16,MU17#159,MU17,阿嬷手作,dining,特色美食,50,554.46
16,MU16g_h#160,MU16g_h,太二前传,dining,中式餐饮,53,2291.19
16,MU16f#161,MU16f,熟客·星马印料理,dining,亚洲风味,52,2295.05
16,MU16e#162,MU16e,鮨 · 半藏,dining,亚洲风味,46,1455.56
16,MU16d#163,MU16d,喜家德,dining,中式餐饮,47,2356.53
16,MU16c#164,MU16c,锋壹碗,dining,美食广场,43,611.73
16,MU16k#165,MU16k,SONG Cafe,dining,休闲餐饮及烘焙,45,718.75
16,MU16i#166,MU16i,入续·糖水铺与包·臻选,dining,休闲餐饮及烘焙,50,1089.42
16,MU16j#167,MU16j,意拾光,dining,西式风味,58,3335.9
16,MU16l#168,MU16l,ZAKUZAKU,dining,休闲餐饮及烘焙,57,1284.12
16,MU16b#169,MU16b,面道鲜师,dining,中式餐饮,62,2353.59
16,MU16a#170,MU16a,CONSOMMÉ,dining,美食广场,49,650.89
16,MU14#172,MU14,Dior迪奥化妆品精品店,retail,保健 / 美容护理,50,2189.35
16,MU12#174,MU12,帕尔玛之水,retail,保健 / 美容护理,37,1335.3
16,MU10#176,MU10,周生生,retail,珠宝 / 钟表 / 饰品,46,16954.08
16,MU08_MU09#177,MU08_MU09,卡纷,retail,女装,60,6817.55
16,MU05#181,MU05,肯佐,retail,休闲服 / 运动用品,44,3675.26
16,MU04#182,MU04,SANDRO,retail,女装,51,5297.22
16,MU03b#183,MU03b,肌肤之钥,retail,保健 / 美容护理,33,1898.13
16,MU02b_MU03a#184,MU02b_MU03a,GENTLE MONSTER,retail,珠宝 / 钟表 / 饰品,22,5868.93
16,MU02a#185,MU02a,蔻驰,retail,女装,32,5512.5
16,L1-L119#216,L1-L119,Bottega Veneta,retail,鞋 / 包 / 皮具用品,76,15762.08
16,L1-L118#217,L1-L118,MIU MIU,retail,女装,78,11003.61
16,L1-L117#218,L1-L117,BURBERRY,retail,女装 | 男装 | 鞋 / 包 / 皮具用品 | 珠宝 / 钟表 / 饰品,85,28117.94
16,L1-L116#219,L1-L116,BALENCIAGA,retail,女装 | 男装 | 鞋 / 包 / 皮具用品 | 珠宝 / 钟表 / 饰品,160,51188.4
16,L1-L115#220,L1-L115,芬廸,retail,女装 | 男装 | 鞋 / 包 / 皮具用品,106,10795.34
16,L1-L114#221,L1-L114,香奈儿,retail,,139,11782.82
16,L1-L114#222,L1-L114,香奈儿,retail,女装 | 珠宝 / 钟表 / 饰品 | 鞋 / 包 / 皮具用品,142,32299.24
16,L1-L113#223,L1-L113,古驰,retail,女装 | 男装 | 珠宝 / 钟表 / 饰品 | 鞋 / 包 / 皮具用品 | 工艺 / 家居 / 礼品,192,49697.08
16,L1-L112#224,L1-L112,PRADA,retail,女装 | 男装 | 珠宝 / 钟表 / 饰品,97,36649.44
16,L1-L112#225,L1-L112,PRADA,retail,女装 | 男装 | 珠宝 / 钟表 / 饰品,95,26871.3
16,L1-L111#226,L1-L111,迪奥,retail,,225,19365.35
16,L1-L109#228,L1-L109,麦克斯·马勒,retail,女装,111,19278.33
16,L1-L108#229,L1-L108,万宝龙,retail,珠宝 / 钟表 / 饰品,91,33188.3
16,L1-L108A#230,L1-L108A,万宝龙,retail,珠宝 / 钟表 / 饰品,86,30894.88
16,L1-L106-L107#232,L1-L106-L107,Van Cleef & Arpels,retail,珠宝 / 钟表 / 饰品,87,19943.97
16,L1-L104#234,L1-L104,卡地亚,retail,珠宝 / 钟表 / 饰品,75,36019.56
16,L1-L103#235,L1-L103,Loro Piana,retail,女装 | 男装,97,10003.88
16,L1-L101#237,L1-L101,路易威登,retail,,164,11806.53
16,L1-L120#239,L1-L120,亚历山大麦昆,retail,男装,102,11622.07
16,L1-L121#240,L1-L121,思琳广州太古汇精品店,retail,女装 | 男装 | 鞋 / 包 / 皮具用品 | 珠宝 / 钟表 / 饰品,120,42089.26
16,L1-L122#241,L1-L122,伯爵,retail,珠宝 / 钟表 / 饰品,114,37626.63
16,L1-L125#244,L1-L125,爱马仕,retail,,178,12583.16
16,L2-L226#275,L2-L226,日默瓦,retail,鞋 / 包 / 皮具用品,0,0
16,L2-L225B#276,L2-L225B,派,retail,珠宝 / 钟表 / 饰品,0,0
16,L2-L224#278,L2-L224,I.T,retail,女装 | 男装,0,0
16,L2-L223#279,L2-L223,范思哲,retail,女装 | 男装,0,0
16,L2-L221-L222#280,L2-L221-L222,溥仪眼镜,retail,珠宝 / 钟表 / 饰品,0,0
16,L2-L220#281,L2-L220,罗杰维维亚,retail,鞋 / 包 / 皮具用品,0,0
16,L2-L218-L219#282,L2-L218-L219,古驰,retail,女装 | 男装 | 珠宝 / 钟表 / 饰品 | 鞋 / 包 / 皮具用品,0,0
16,L2-L217#283,L2-L217,古驰,retail,女装 | 男装 | 珠宝 / 钟表 / 饰品 | 鞋 / 包 / 皮具用品 | 工艺 / 家居 / 礼品,0,0
16,L2-L216#284,L2-L216,PRADA,retail,女装 | 男装 | 珠宝 / 钟表 / 饰品,0,0
16,L2-L216#285,L2-L216,PRADA,retail,女装 | 男装 | 珠宝 / 钟表 / 饰品,0,0
16,L2-L215#286,L2-L215,迪奥,retail,女装 | 男装 | 鞋 / 包 / 皮具用品 | 珠宝 / 钟表 / 饰品,0,0
16,L2-L213#288,L2-L213,寇依,retail,女装 | 鞋 / 包 / 皮具用品,0,0
16,L2-L211#289,L2-L211,欧米茄,retail,珠宝 / 钟表 / 饰品,0,0
16,L2-L210A#291,L2-L210A,萧邦,retail,珠宝 / 钟表 / 饰品,0,0
16,L2-L209#292,L2-L209,FIFTH x Hair Code,retail,生活时尚,0,0
16,L2-L207-L208#293,L2-L207-L208,菲拉格慕,retail,鞋 / 包 / 皮具用品,0,0
16,L2-L206#294,L2-L206,吉米周,retail,鞋 / 包 / 皮具用品,0,0
16,L2-L205#295,L2-L205,瑭姆步朗,retail,女装 | 男装 | 鞋 / 包 / 皮具用品 | 童装 / 玩具,0,0
16,L2-L201#299,L2-L201,路易威登,retail,,0,0
16,L2-L228#300,L2-L228,Tory Burch,retail,女装 | 珠宝 / 钟表 / 饰品 | 鞋 / 包 / 皮具用品 | 工艺 / 家居 / 礼品 | 生活时尚,0,0
16,L2-L230#303,L2-L230,吉尔桑德,retail,女装 | 男装,0,0
16,L2-L233#306,L2-L233,爱马仕,retail,,0,0
16,L3-L302#329,L3-L302,gaga 品牌旗舰店,dining,西式风味,0,0
16,L3-L303#330,L3-L303,尚莲·越南泰国料理,dining,亚洲风味,0,0
16,L3-L304#331,L3-L304,glance,dining,西式风味,0,0
16,L3-L305#332,L3-L305,大象园,dining,西式风味,0,0
16,L3-L306#333,L3-L306,小山 炉端烧•鮨,dining,亚洲风味,0,0
16,L3-L307#334,L3-L307,御寶閣潮州酒家,dining,中式餐饮,0,0
16,L3-L308A#335,L3-L308A,超级猩猩,anchor,主力店,0,0
17,M33#16,M33,顺电,retail,影音 / 电器用品,41,2981.68
17,M30#19,M30,昂跑,retail,休闲服 / 运动用品,36,4337.33
17,M28#21,M28,之禾,retail,女装,77,6016.37
17,M26#23,M26,maje,retail,女装,64,5519.53
17,M25#24,M25,伊索,retail,保健 / 美容护理,23,1308.87
17,M24#25,M24,老铺黄金,retail,珠宝 / 钟表 / 饰品,28,9138.11
17,M21#28,M21,Olé精品超市,anchor,主力店,39,1317.02
17,M15#33,M15,INITIAL,retail,女装 | 男装,20,1216.15
17,M13#35,M13,Bang & Olufsen,retail,影音 / 电器用品,20,929.28
17,M12b#36,M12b,ELLE 路易士·嘉玛发廊,retail,保健 / 美容护理,5,367.62
17,M09#39,M09,雅德诺,retail,男装,23,2564.46
17,M07#41,M07,单农,retail,男装,19,2048.78
17,M05#43,M05,亮视点,retail,珠宝 / 钟表 / 饰品,57,20828.96
17,M03#45,M03,古驰美妆,retail,保健 / 美容护理,44,3884.99
17,M02#46,M02,APM Monaco,retail,珠宝 / 钟表 / 饰品,46,10073.21
17,M67#49,M67,周大福荟馆JEWELRIA精品店,retail,珠宝 / 钟表 / 饰品,53,15457.37
17,M66#50,M66,American Vintage,retail,女装,50,7229.14
17,M65#51,M65,self-portrait,retail,女装,71,5430.43
17,M64#52,M64,馥蕾诗,retail,保健 / 美容护理,101,3796.63
17,M63#53,M63,朋博湾,retail,童装 / 玩具,45,2611.55
17,M61#55,M61,ROCK&RIDE VINTAGE,retail,珠宝 / 钟表 / 饰品,41,11100.77
17,M60#56,M60,依诺,retail,女装,37,4160.88
17,M58#58,M58,Tabio,retail,休闲服 / 运动用品,45,1631.5
17,M57#59,M57,initial,retail,休闲服 / 运动用品,35,2286.16
17,M55#61,M55,泡泡玛特,retail,,44,2910.94
17,M48a#69,M48a,WASAI LIVING,retail,休闲服 / 运动用品,41,2845.91
17,M47#70,M47,TOMMY HILFIGER,retail,休闲服 / 运动用品,51,1753.71
17,M46#71,M46,LACOSTE,retail,休闲服 / 运动用品,44,3971.33
17,M45#72,M45,EVISU,retail,休闲服 / 运动用品,36,1440.23
17,M43#74,M43,摩安珂,retail,女装,46,4806.67
17,M41a#76,M41a,little Mo&Co.,retail,童装 / 玩具,42,783.21
17,M41b#77,M41b,广天藏品,retail,工艺 / 家居 / 礼品,48,1765.02
17,MU35#118,MU35,方所,anchor,主力店,100,2705.41
17,MU36#119,MU36,始祖鸟,retail,休闲服 / 运动用品,45,4420.21
17,MU37#120,MU37,EVISU,retail,休闲服 / 运动用品,51,4858.02
17,MU38#121,MU38,CURIEL,retail,女装,38,3366.21
17,MU38#122,MU38,GEGINA,retail,女装,36,4628.24
17,MU39#123,MU39,POLO RALPH LAUREN,retail,男装 | 女装,39,1994.61
17,MU39#124,MU39,GENTSPACE,retail,男装,29,3397.37
17,MU41a#126,MU41a,Nespresso,dining,特色美食,40,958.14
17,MU42#128,MU42,莆田餐厅,dining,亚洲风味,38,1399.97
17,MU44#131,MU44,浪琴广州太古汇直营店,retail,珠宝 / 钟表 / 饰品,34,9999.58
17,MU45#132,MU45,艾璞俪梦,retail,珠宝 / 钟表 / 饰品,47,11154.66
17,MU45a#133,MU45a,曼尼陀,retail,女装 | 男装,37,8152.41
17,MU46#134,MU46,野兽派花店,retail,工艺 / 家居 / 礼品,57,4017.17
17,MU47a#135,MU47a,玛俪琳,retail,女装,86,8336.1
17,MU47b#136,MU47b,馥马尔、凯利安,retail,保健 / 美容护理,47,1638.48
17,MU48#137,MU48,露露乐蒙,retail,休闲服 / 运动用品,65,5481.97
17,MU32_MU33#145,MU32_MU33,潘海利根,retail,保健 / 美容护理,56,598.13
17,MU32_MU33#146,MU32_MU33,阿蒂仙之香,retail,保健 / 美容护理,45,2242.94
17,MU31#147,MU31,珑骧,retail,鞋 / 包 / 皮具用品,78,8490.92
17,MU25#152,MU25,la prairie,retail,保健 / 美容护理,37,1256.88
17,MU20#155,MU20,叁木司.日式餐酒馆,dining,亚洲风味,52,1800.67
17,MU21#156,MU21,鳗几,dining,亚洲风味,66,2672.76
17,MU19#157,MU19,鼎泰丰,dining,亚洲风味,59,2194.74
17,MU18#158,MU18,美奈小馆钻石店,dining,亚洲风味,65,2661.06
17,MU17#159,MU17,阿嬷手作,dining,特色美食,63,1751.46
17,MU16g_h#160,MU16g_h,太二前传,dining,中式餐饮,67,2018.45
17,MU16f#161,MU16f,熟客·星马印料理,dining,亚洲风味,63,3078.65
17,MU16e#162,MU16e,鮨 · 半藏,dining,亚洲风味,58,1947.84
17,MU16d#163,MU16d,喜家德,dining,中式餐饮,68,2525.97
17,MU16c#164,MU16c,锋壹碗,dining,美食广场,47,841.35
17,MU16k#165,MU16k,SONG Cafe,dining,休闲餐饮及烘焙,50,793.65
17,MU16i#166,MU16i,入续·糖水铺与包·臻选,dining,休闲餐饮及烘焙,78,1385.29
17,MU16j#167,MU16j,意拾光,dining,西式风味,57,2216.98
17,MU16l#168,MU16l,ZAKUZAKU,dining,休闲餐饮及烘焙,62,1128.23
17,MU16b#169,MU16b,面道鲜师,dining,中式餐饮,68,3028.48
17,MU16a#170,MU16a,CONSOMMÉ,dining,美食广场,61,949.03
17,MU14#172,MU14,Dior迪奥化妆品精品店,retail,保健 / 美容护理,39,890.49
17,MU12#174,MU12,帕尔玛之水,retail,保健 / 美容护理,38,1276.48
17,MU10#176,MU10,周生生,retail,珠宝 / 钟表 / 饰品,44,20733.88
17,MU08_MU09#177,MU08_MU09,卡纷,retail,女装,56,3464.94
17,MU05#181,MU05,肯佐,retail,休闲服 / 运动用品,36,3446.6
17,MU04#182,MU04,SANDRO,retail,女装,71,8377.47
17,MU03b#183,MU03b,肌肤之钥,retail,保健 / 美容护理,33,1333.3
17,MU02b_MU03a#184,MU02b_MU03a,GENTLE MONSTER,retail,珠宝 / 钟表 / 饰品,32,8398.27
17,MU02a#185,MU02a,蔻驰,retail,女装,28,1352.86
17,L1-L119#216,L1-L119,Bottega Veneta,retail,鞋 / 包 / 皮具用品,91,15442.44
17,L1-L118#217,L1-L118,MIU MIU,retail,女装,82,8663.54
17,L1-L117#218,L1-L117,BURBERRY,retail,女装 | 男装 | 鞋 / 包 / 皮具用品 | 珠宝 / 钟表 / 饰品,113,29086.82
17,L1-L116#219,L1-L116,BALENCIAGA,retail,女装 | 男装 | 鞋 / 包 / 皮具用品 | 珠宝 / 钟表 / 饰品,216,43857.38
17,L1-L115#220,L1-L115,芬廸,retail,女装 | 男装 | 鞋 / 包 / 皮具用品,148,15808.66
17,L1-L114#221,L1-L114,香奈儿,retail,,164,9949.36
17,L1-L114#222,L1-L114,香奈儿,retail,女装 | 珠宝 / 钟表 / 饰品 | 鞋 / 包 / 皮具用品,152,26215.43
17,L1-L113#223,L1-L113,古驰,retail,女装 | 男装 | 珠宝 / 钟表 / 饰品 | 鞋 / 包 / 皮具用品 | 工艺 / 家居 / 礼品,200,44616.09
17,L1-L112#224,L1-L112,PRADA,retail,女装 | 男装 | 珠宝 / 钟表 / 饰品,112,25574.12
17,L1-L112#225,L1-L112,PRADA,retail,女装 | 男装 | 珠宝 / 钟表 / 饰品,127,28121.9
17,L1-L111#226,L1-L111,迪奥,retail,,288,14520.61
17,L1-L109#228,L1-L109,麦克斯·马勒,retail,女装,125,12956.18
17,L1-L108#229,L1-L108,万宝龙,retail,珠宝 / 钟表 / 饰品,111,24591.76
17,L1-L108A#230,L1-L108A,万宝龙,retail,珠宝 / 钟表 / 饰品,99,24454.18
17,L1-L106-L107#232,L1-L106-L107,Van Cleef & Arpels,retail,珠宝 / 钟表 / 饰品,89,21650.72
17,L1-L104#234,L1-L104,卡地亚,retail,珠宝 / 钟表 / 饰品,104,14672.99
17,L1-L103#235,L1-L103,Loro Piana,retail,女装 | 男装,106,9216.66
17,L1-L101#237,L1-L101,路易威登,retail,,215,12490.17
17,L1-L120#239,L1-L120,亚历山大麦昆,retail,男装,111,8570.83
17,L1-L121#240,L1-L121,思琳广州太古汇精品店,retail,女装 | 男装 | 鞋 / 包 / 皮具用品 | 珠宝 / 钟表 / 饰品,127,34332.35
17,L1-L122#241,L1-L122,伯爵,retail,珠宝 / 钟表 / 饰品,141,40988.46
17,L1-L125#244,L1-L125,爱马仕,retail,,207,13394.86
17,L2-L226#275,L2-L226,日默瓦,retail,鞋 / 包 / 皮具用品,0,0
17,L2-L225B#276,L2-L225B,派,retail,珠宝 / 钟表 / 饰品,0,0
17,L2-L224#278,L2-L224,I.T,retail,女装 | 男装,0,0
17,L2-L223#279,L2-L223,范思哲,retail,女装 | 男装,0,0
17,L2-L221-L222#280,L2-L221-L222,溥仪眼镜,retail,珠宝 / 钟表 / 饰品,0,0
17,L2-L220#281,L2-L220,罗杰维维亚,retail,鞋 / 包 / 皮具用品,0,0
17,L2-L218-L219#282,L2-L218-L219,古驰,retail,女装 | 男装 | 珠宝 / 钟表 / 饰品 | 鞋 / 包 / 皮具用品,0,0
17,L2-L217#283,L2-L217,古驰,retail,女装 | 男装 | 珠宝 / 钟表 / 饰品 | 鞋 / 包 / 皮具用品 | 工艺 / 家居 / 礼品,0,0
17,L2-L216#284,L2-L216,PRADA,retail,女装 | 男装 | 珠宝 / 钟表 / 饰品,0,0
17,L2-L216#285,L2-L216,PRADA,retail,女装 | 男装 | 珠宝 / 钟表 / 饰品,0,0
17,L2-L215#286,L2-L215,迪奥,retail,女装 | 男装 | 鞋 / 包 / 皮具用品 | 珠宝 / 钟表 / 饰品,0,0
17,L2-L213#288,L2-L213,寇依,retail,女装 | 鞋 / 包 / 皮具用品,0,0
17,L2-L211#289,L2-L211,欧米茄,retail,珠宝 / 钟表 / 饰品,0,0
17,L2-L210A#291,L2-L210A,萧邦,retail,珠宝 / 钟表 / 饰品,0,0
17,L2-L209#292,L2-L209,FIFTH x Hair Code,retail,生活时尚,0,0
17,L2-L207-L208#293,L2-L207-L208,菲拉格慕,retail,鞋 / 包 / 皮具用品,0,0
17,L2-L206#294,L2-L206,吉米周,retail,鞋 / 包 / 皮具用品,0,0
17,L2-L205#295,L2-L205,瑭姆步朗,retail,女装 | 男装 | 鞋 / 包 / 皮具用品 | 童装 / 玩具,0,0
17,L2-L201#299,L2-L201,路易威登,retail,,0,0
17,L2-L228#300,L2-L228,Tory Burch,retail,女装 | 珠宝 / 钟表 / 饰品 | 鞋 / 包 / 皮具用品 | 工艺 / 家居 / 礼品 | 生活时尚,0,0
17,L2-L230#303,L2-L230,吉尔桑德,retail,女装 | 男装,0,0
17,L2-L233#306,L2-L233,爱马仕,retail,,0,0
17,L3-L302#329,L3-L302,gaga 品牌旗舰店,dining,西式风味,0,0
17,L3-L303#330,L3-L303,尚莲·越南泰国料理,dining,亚洲风味,0,0
17,L3-L304#331,L3-L304,glance,dining,西式风味,0,0
17,L3-L305#332,L3-L305,大象园,dining,西式风味,0,0
17,L3-L306#333,L3-L306,小山 炉端烧•鮨,dining,亚洲风味,0,0
17,L3-L307#334,L3-L307,御寶閣潮州酒家,dining,中式餐饮,0,0
17,L3-L308A#335,L3-L308A,超级猩猩,anchor,主力店,0,0
18,M33#16,M33,顺电,retail,影音 / 电器用品,54,2896.9
18,M30#19,M30,昂跑,retail,休闲服 / 运动用品,37,4559.82
18,M28#21,M28,之禾,retail,女装,73,6582.24
18,M26#23,M26,maje,retail,女装,78,11298.47
18,M25#24,M25,伊索,retail,保健 / 美容护理,28,1585.69
18,M24#25,M24,老铺黄金,retail,珠宝 / 钟表 / 饰品,37,8488.29
18,M21#28,M21,Olé精品超市,anchor,主力店,44,1012.53
18,M15#33,M15,INITIAL,retail,女装 | 男装,23,3588.35
18,M13#35,M13,Bang & Olufsen,retail,影音 / 电器用品,21,1393.59
18,M12b#36,M12b,ELLE 路易士·嘉玛发廊,retail,保健 / 美容护理,4,0
18,M09#39,M09,雅德诺,retail,男装,30,2848.06
18,M07#41,M07,单农,retail,男装,25,4391.51
18,M05#43,M05,亮视点,retail,珠宝 / 钟表 / 饰品,56,15146.5
18,M03#45,M03,古驰美妆,retail,保健 / 美容护理,52,5301.18
18,M02#46,M02,APM Monaco,retail,珠宝 / 钟表 / 饰品,47,12662.17
18,M67#49,M67,周大福荟馆JEWELRIA精品店,retail,珠宝 / 钟表 / 饰品,84,17661.57
18,M66#50,M66,American Vintage,retail,女装,60,2829.42
18,M65#51,M65,self-portrait,retail,女装,75,6529.37
18,M64#52,M64,馥蕾诗,retail,保健 / 美容护理,117,4835.54
18,M63#53,M63,朋博湾,retail,童装 / 玩具,49,4216.21
18,M61#55,M61,ROCK&RIDE VINTAGE,retail,珠宝 / 钟表 / 饰品,47,18815.13
18,M60#56,M60,依诺,retail,女装,34,4128.32
18,M58#58,M58,Tabio,retail,休闲服 / 运动用品,32,2538.27
18,M57#59,M57,initial,retail,休闲服 / 运动用品,48,2534.02
18,M55#61,M55,泡泡玛特,retail,,39,1975.11
18,M48a#69,M48a,WASAI LIVING,retail,休闲服 / 运动用品,44,4824.52
18,M47#70,M47,TOMMY HILFIGER,retail,休闲服 / 运动用品,53,3646.39
18,M46#71,M46,LACOSTE,retail,休闲服 / 运动用品,45,2153.48
18,M45#72,M45,EVISU,retail,休闲服 / 运动用品,46,2821.85
18,M43#74,M43,摩安珂,retail,女装,53,6083.74
18,M41a#76,M41a,little Mo&Co.,retail,童装 / 玩具,56,4331.87
18,M41b#77,M41b,广天藏品,retail,工艺 / 家居 / 礼品,51,3907.9
18,MU35#118,MU35,方所,anchor,主力店,109,3525.82
18,MU36#119,MU36,始祖鸟,retail,休闲服 / 运动用品,46,3946.55
18,MU37#120,MU37,EVISU,retail,休闲服 / 运动用品,30,2272.21
18,MU38#121,MU38,CURIEL,retail,女装,24,3581.91
18,MU38#122,MU38,GEGINA,retail,女装,27,2893.54
18,MU39#123,MU39,POLO RALPH LAUREN,retail,男装 | 女装,27,2902.97
18,MU39#124,MU39,GENTSPACE,retail,男装,25,3098.12
18,MU41a#126,MU41a,Nespresso,dining,特色美食,54,1627.98
18,MU42#128,MU42,莆田餐厅,dining,亚洲风味,61,5086.55
18,MU44#131,MU44,浪琴广州太古汇直营店,retail,珠宝 / 钟表 / 饰品,29,9491.86
18,MU45#132,MU45,艾璞俪梦,retail,珠宝 / 钟表 / 饰品,25,3650.2
18,MU45a#133,MU45a,曼尼陀,retail,女装 | 男装,31,4543.76
18,MU46#134,MU46,野兽派花店,retail,工艺 / 家居 / 礼品,45,2074.83
18,MU47a#135,MU47a,玛俪琳,retail,女装,59,3797.94
18,MU47b#136,MU47b,馥马尔、凯利安,retail,保健 / 美容护理,33,1648.2
18,MU48#137,MU48,露露乐蒙,retail,休闲服 / 运动用品,50,3545.0
18,MU32_MU33#145,MU32_MU33,潘海利根,retail,保健 / 美容护理,46,2677.14
18,MU32_MU33#146,MU32_MU33,阿蒂仙之香,retail,保健 / 美容护理,36,966.77
18,MU31#147,MU31,珑骧,retail,鞋 / 包 / 皮具用品,62,7818.39
18,MU25#152,MU25,la prairie,retail,保健 / 美容护理,41,1640.4
18,MU20#155,MU20,叁木司.日式餐酒馆,dining,亚洲风味,100,6625.22
18,MU21#156,MU21,鳗几,dining,亚洲风味,124,9104.33
18,MU19#157,MU19,鼎泰丰,dining,亚洲风味,96,5953.92
18,MU18#158,MU18,美奈小馆钻石店,dining,亚洲风味,110,7453.42
18,MU17#159,MU17,阿嬷手作,dining,特色美食,124,5119.71
18,MU16g_h#160,MU16g_h,太二前传,dining,中式餐饮,114,8428.34
18,MU16f#161,MU16f,熟客·星马印料理,dining,亚洲风味,112,7842.52
18,MU16e#162,MU16e,鮨 · 半藏,dining,亚洲风味,95,6866.85
18,MU16d#163,MU16d,喜家德,dining,中式餐饮,116,8499.18
18,MU16c#164,MU16c,锋壹碗,dining,美食广场,102,2949.72
18,MU16k#165,MU16k,SONG Cafe,dining,休闲餐饮及烘焙,85,2540.62
18,MU16i#166,MU16i,入续·糖水铺与包·臻选,dining,休闲餐饮及烘焙,122,3896.66
18,MU16j#167,MU16j,意拾光,dining,西式风味,98,5931.77
18,MU16l#168,MU16l,ZAKUZAKU,dining,休闲餐饮及烘焙,103,3087.53
18,MU16b#169,MU16b,面道鲜师,dining,中式餐饮,122,7907.21
18,MU16a#170,MU16a,CONSOMMÉ,dining,美食广场,93,2576.63
18,MU14#172,MU14,Dior迪奥化妆品精品店,retail,保健 / 美容护理,35,1877.85
18,MU12#174,MU12,帕尔玛之水,retail,保健 / 美容护理,22,630.32
18,MU10#176,MU10,周生生,retail,珠宝 / 钟表 / 饰品,34,0
18,MU08_MU09#177,MU08_MU09,卡纷,retail,女装,51,5078.99
18,MU05#181,MU05,肯佐,retail,休闲服 / 运动用品,38,2465.63
18,MU04#182,MU04,SANDRO,retail,女装,38,4216.48
18,MU03b#183,MU03b,肌肤之钥,retail,保健 / 美容护理,23,1321.34
18,MU02b_MU03a#184,MU02b_MU03a,GENTLE MONSTER,retail,珠宝 / 钟表 / 饰品,21,8902.09
18,MU02a#185,MU02a,蔻驰,retail,女装,19,2111.32
18,L1-L119#216,L1-L119,Bottega Veneta,retail,鞋 / 包 / 皮具用品,108,10049.21
18,L1-L118#217,L1-L118,MIU MIU,retail,女装,115,15574.67
18,L1-L117#218,L1-L117,BURBERRY,retail,女装 | 男装 | 鞋 / 包 / 皮具用品 | 珠宝 / 钟表 / 饰品,112,24041.95
18,L1-L116#219,L1-L116,BALENCIAGA,retail,女装 | 男装 | 鞋 / 包 / 皮具用品 | 珠宝 / 钟表 / 饰品,216,51209.52
18,L1-L115#220,L1-L115,芬廸,retail,女装 | 男装 | 鞋 / 包 / 皮具用品,151,12839.11
18,L1-L114#221,L1-L114,香奈儿,retail,,172,11346.07
18,L1-L114#222,L1-L114,香奈儿,retail,女装 | 珠宝 / 钟表 / 饰品 | 鞋 / 包 / 皮具用品,175,46507.11
18,L1-L113#223,L1-L113,古驰,retail,女装 | 男装 | 珠宝 / 钟表 / 饰品 | 鞋 / 包 / 皮具用品 | 工艺 / 家居 / 礼品,266,67003.28
18,L1-L112#224,L1-L112,PRADA,retail,女装 | 男装 | 珠宝 / 钟表 / 饰品,144,41494.43
18,L1-L112#225,L1-L112,PRADA,retail,女装 | 男装 | 珠宝 / 钟表 / 饰品,136,32406.95
18,L1-L111#226,L1-L111,迪奥,retail,,310,21667.67
18,L1-L109#228,L1-L109,麦克斯·马勒,retail,女装,160,16443.48
18,L1-L108#229,L1-L108,万宝龙,retail,珠宝 / 钟表 / 饰品,126,38440.23
18,L1-L108A#230,L1-L108A,万宝龙,retail,珠宝 / 钟表 / 饰品,109,17990.27
18,L1-L106-L107#232,L1-L106-L107,Van Cleef & Arpels,retail,珠宝 / 钟表 / 饰品,88,20074.47
18,L1-L104#234,L1-L104,卡地亚,retail,珠宝 / 钟表 / 饰品,106,21299.9
18,L1-L103#235,L1-L103,Loro Piana,retail,女装 | 男装,110,9852.2
18,L1-L101#237,L1-L101,路易威登,retail,,230,13673.41
18,L1-L120#239,L1-L120,亚历山大麦昆,retail,男装,127,14539.73
18,L1-L121#240,L1-L121,思琳广州太古汇精品店,retail,女装 | 男装 | 鞋 / 包 / 皮具用品 | 珠宝 / 钟表 / 饰品,144,49963.64
18,L1-L122#241,L1-L122,伯爵,retail,珠宝 / 钟表 / 饰品,153,33496.93
18,L1-L125#244,L1-L125,爱马仕,retail,,242,16610.3
18,L2-L226#275,L2-L226,日默瓦,retail,鞋 / 包 / 皮具用品,0,0
18,L2-L225B#276,L2-L225B,派,retail,珠宝 / 钟表 / 饰品,0,0
18,L2-L224#278,L2-L224,I.T,retail,女装 | 男装,0,0
18,L2-L223#279,L2-L223,范思哲,retail,女装 | 男装,0,0
18,L2-L221-L222#280,L2-L221-L222,溥仪眼镜,retail,珠宝 / 钟表 / 饰品,0,0
18,L2-L220#281,L2-L220,罗杰维维亚,retail,鞋 / 包 / 皮具用品,0,0
18,L2-L218-L219#282,L2-L218-L219,古驰,retail,女装 | 男装 | 珠宝 / 钟表 / 饰品 | 鞋 / 包 / 皮具用品,0,0
18,L2-L217#283,L2-L217,古驰,retail,女装 | 男装 | 珠宝 / 钟表 / 饰品 | 鞋 / 包 / 皮具用品 | 工艺 / 家居 / 礼品,0,0
18,L2-L216#284,L2-L216,PRADA,retail,女装 | 男装 | 珠宝 / 钟表 / 饰品,0,0
18,L2-L216#285,L2-L216,PRADA,retail,女装 | 男装 | 珠宝 / 钟表 / 饰品,0,0
18,L2-L215#286,L2-L215,迪奥,retail,女装 | 男装 | 鞋 / 包 / 皮具用品 | 珠宝 / 钟表 / 饰品,0,0
18,L2-L213#288,L2-L213,寇依,retail,女装 | 鞋 / 包 / 皮具用品,0,0
18,L2-L211#289,L2-L211,欧米茄,retail,珠宝 / 钟表 / 饰品,0,0
18,L2-L210A#291,L2-L210A,萧邦,retail,珠宝 / 钟表 / 饰品,0,0
18,L2-L209#292,L2-L209,FIFTH x Hair Code,retail,生活时尚,0,0
18,L2-L207-L208#293,L2-L207-L208,菲拉格慕,retail,鞋 / 包 / 皮具用品,0,0
18,L2-L206#294,L2-L206,吉米周,retail,鞋 / 包 / 皮具用品,0,0
18,L2-L205#295,L2-L205,瑭姆步朗,retail,女装 | 男装 | 鞋 / 包 / 皮具用品 | 童装 / 玩具,0,0
18,L2-L201#299,L2-L201,路易威登,retail,,0,0
18,L2-L228#300,L2-L228,Tory Burch,retail,女装 | 珠宝 / 钟表 / 饰品 | 鞋 / 包 / 皮具用品 | 工艺 / 家居 / 礼品 | 生活时尚,0,0
18,L2-L230#303,L2-L230,吉尔桑德,retail,女装 | 男装,0,0
18,L2-L233#306,L2-L233,爱马仕,retail,,0,0
18,L3-L302#329,L3-L302,gaga 品牌旗舰店,dining,西式风味,0,0
18,L3-L303#330,L3-L303,尚莲·越南泰国料理,dining,亚洲风味,0,0
18,L3-L304#331,L3-L304,glance,dining,西式风味,0,0
18,L3-L305#332,L3-L305,大象园,dining,西式风味,0,0
18,L3-L306#333,L3-L306,小山 炉端烧•鮨,dining,亚洲风味,0,0
18,L3-L307#334,L3-L307,御寶閣潮州酒家,dining,中式餐饮,0,0
18,L3-L308A#335,L3-L308A,超级猩猩,anchor,主力店,0,0
19,M33#16,M33,顺电,retail,影音 / 电器用品,46,3006.5
19,M30#19,M30,昂跑,retail,休闲服 / 运动用品,49,4995.71
19,M28#21,M28,之禾,retail,女装,96,13537.35
19,M26#23,M26,maje,retail,女装,87,4126.74
19,M25#24,M25,伊索,retail,保健 / 美容护理,35,709.95
19,M24#25,M24,老铺黄金,retail,珠宝 / 钟表 / 饰品,31,10684.26
19,M21#28,M21,Olé精品超市,anchor,主力店,70,2111.74
19,M15#33,M15,INITIAL,retail,女装 | 男装,22,2053.66
19,M13#35,M13,Bang & Olufsen,retail,影音 / 电器用品,27,924.06
19,M12b#36,M12b,ELLE 路易士·嘉玛发廊,retail,保健 / 美容护理,8,0
19,M09#39,M09,雅德诺,retail,男装,19,2172.0
19,M07#41,M07,单农,retail,男装,34,1950.93
19,M05#43,M05,亮视点,retail,珠宝 / 钟表 / 饰品,61,12803.79
19,M03#45,M03,古驰美妆,retail,保健 / 美容护理,50,2595.16
19,M02#46,M02,APM Monaco,retail,珠宝 / 钟表 / 饰品,56,10106.08
19,M67#49,M67,周大福荟馆JEWELRIA精品店,retail,珠宝 / 钟表 / 饰品,68,17582.42
19,M66#50,M66,American Vintage,retail,女装,61,8018.7
19,M65#51,M65,self-portrait,retail,女装,81,5231.78
19,M64#52,M64,馥蕾诗,retail,保健 / 美容护理,101,2769.52
19,M63#53,M63,朋博湾,retail,童装 / 玩具,48,4772.98
19,M61#55,M61,ROCK&RIDE VINTAGE,retail,珠宝 / 钟表 / 饰品,64,13931.44
19,M60#56,M60,依诺,retail,女装,51,8316.38
19,M58#58,M58,Tabio,retail,休闲服 / 运动用品,50,4247.13
19,M57#59,M57,initial,retail,休闲服 / 运动用品,71,3467.07
19,M55#61,M55,泡泡玛特,retail,,47,3840.96
19,M48a#69,M48a,WASAI LIVING,retail,休闲服 / 运动用品,44,2838.47
19,M47#70,M47,TOMMY HILFIGER,retail,休闲服 / 运动用品,55,3422.51
19,M46#71,M46,LACOSTE,retail,休闲服 / 运动用品,55,2856.02
19,M45#72,M45,EVISU,retail,休闲服 / 运动用品,45,3336.02
19,M43#74,M43,摩安珂,retail,女装,44,8542.58
19,M41a#76,M41a,little Mo&Co.,retail,童装 / 玩具,51,3660.09
19,M41b#77,M41b,广天藏品,retail,工艺 / 家居 / 礼品,53,3362.65
19,MU35#118,MU35,方所,anchor,主力店,77,2546.54
19,MU36#119,MU36,始祖鸟,retail,休闲服 / 运动用品,34,2472.71
19,MU37#120,MU37,EVISU,retail,休闲服 / 运动用品,32,1706.88
19,MU38#121,MU38,CURIEL,retail,女装,18,2796.75
19,MU38#122,MU38,GEGINA,retail,女装,20,2106.49
19,MU39#123,MU39,POLO RALPH LAUREN,retail,男装 | 女装,24,624.11
19,MU39#124,MU39,GENTSPACE,retail,男装,19,794.33
19,MU41a#126,MU41a,Nespresso,dining,特色美食,65,2396.44
19,MU42#128,MU42,莆田餐厅,dining,亚洲风味,49,3311.84
19,MU44#131,MU44,浪琴广州太古汇直营店,retail,珠宝 / 钟表 / 饰品,14,1630.05
19,MU45#132,MU45,艾璞俪梦,retail,珠宝 / 钟表 / 饰品,21,5370.89
19,MU45a#133,MU45a,曼尼陀,retail,女装 | 男装,23,3475.83
19,MU46#134,MU46,野兽派花店,retail,工艺 / 家居 / 礼品,32,2453.22
19,MU47a#135,MU47a,玛俪琳,retail,女装,52,7342.28
19,MU47b#136,MU47b,馥马尔、凯利安,retail,保健 / 美容护理,29,1277.1
19,MU48#137,MU48,露露乐蒙,retail,休闲服 / 运动用品,47,3390.99
19,MU32_MU33#145,MU32_MU33,潘海利根,retail,保健 / 美容护理,34,1677.38
19,MU32_MU33#146,MU32_MU33,阿蒂仙之香,retail,保健 / 美容护理,37,1203.64
19,MU31#147,MU31,珑骧,retail,鞋 / 包 / 皮具用品,46,3473.56
19,MU25#152,MU25,la prairie,retail,保健 / 美容护理,28,1239.98
19,MU20#155,MU20,叁木司.日式餐酒馆,dining,亚洲风味,115,7390.42
19,MU21#156,MU21,鳗几,dining,亚洲风味,173,11988.54
19,MU19#157,MU19,鼎泰丰,dining,亚洲风味,110,8097.65
19,MU18#158,MU18,美奈小馆钻石店,dining,亚洲风味,127,8639.45
19,MU17#159,MU17,阿嬷手作,dining,特色美食,152,5647.33
19,MU16g_h#160,MU16g_h,太二前传,dining,中式餐饮,153,10309.94
19,MU16f#161,MU16f,熟客·星马印料理,dining,亚洲风味,144,10748.96
19,MU16e#162,MU16e,鮨 · 半藏,dining,亚洲风味,133,8377.0
19,MU16d#163,MU16d,喜家德,dining,中式餐饮,135,7812.94
19,MU16c#164,MU16c,锋壹碗,dining,美食广场,109,3289.43
19,MU16k#165,MU16k,SONG Cafe,dining,休闲餐饮及烘焙,106,3278.72
19,MU16i#166,MU16i,入续·糖水铺与包·臻选,dining,休闲餐饮及烘焙,144,3740.33
19,MU16j#167,MU16j,意拾光,dining,西式风味,108,7241.52
19,MU16l#168,MU16l,ZAKUZAKU,dining,休闲餐饮及烘焙,114,3561.89
19,MU16b#169,MU16b,面道鲜师,dining,中式餐饮,140,10699.8
19,MU16a#170,MU16a,CONSOMMÉ,dining,美食广场,106,3183.68
19,MU14#172,MU14,Dior迪奥化妆品精品店,retail,保健 / 美容护理,36,2476.18
19,MU12#174,MU12,帕尔玛之水,retail,保健 / 美容护理,27,1349.55
19,MU10#176,MU10,周生生,retail,珠宝 / 钟表 / 饰品,36,15681.23
19,MU08_MU09#177,MU08_MU09,卡纷,retail,女装,53,4720.55
19,MU05#181,MU05,肯佐,retail,休闲服 / 运动用品,25,1638.84
19,MU04#182,MU04,SANDRO,retail,女装,46,1480.69
19,MU03b#183,MU03b,肌肤之钥,retail,保健 / 美容护理,28,1208.95
19,MU02b_MU03a#184,MU02b_MU03a,GENTLE MONSTER,retail,珠宝 / 钟表 / 饰品,17,5371.47
19,MU02a#185,MU02a,蔻驰,retail,女装,14,1916.86
19,L1-L119#216,L1-L119,Bottega Veneta,retail,鞋 / 包 / 皮具用品,105,12977.38
19,L1-L118#217,L1-L118,MIU MIU,retail,女装,113,14001.59
19,L1-L117#218,L1-L117,BURBERRY,retail,女装 | 男装 | 鞋 / 包 / 皮具用品 | 珠宝 / 钟表 / 饰品,119,31419.68
19,L1-L116#219,L1-L116,BALENCIAGA,retail,女装 | 男装 | 鞋 / 包 / 皮具用品 | 珠宝 / 钟表 / 饰品,224,47681.59
19,L1-L115#220,L1-L115,芬廸,retail,女装 | 男装 | 鞋 / 包 / 皮具用品,157,8851.68
19,L1-L114#221,L1-L114,香奈儿,retail,,199,13688.43
19,L1-L114#222,L1-L114,香奈儿,retail,女装 | 珠宝 / 钟表 / 饰品 | 鞋 / 包 / 皮具用品,200,41145.61
19,L1-L113#223,L1-L113,古驰,retail,女装 | 男装 | 珠宝 / 钟表 / 饰品 | 鞋 / 包 / 皮具用品 | 工艺 / 家居 / 礼品,241,52633.83
19,L1-L112#224,L1-L112,PRADA,retail,女装 | 男装 | 珠宝 / 钟表 / 饰品,139,39284.8
19,L1-L112#225,L1-L112,PRADA,retail,女装 | 男装 | 珠宝 / 钟表 / 饰品,136,17724.75
19,L1-L111#226,L1-L111,迪奥,retail,,331,21876.87
19,L1-L109#228,L1-L109,麦克斯·马勒,retail,女装,160,14393.74
19,L1-L108#229,L1-L108,万宝龙,retail,珠宝 / 钟表 / 饰品,130,24874.45
19,L1-L108A#230,L1-L108A,万宝龙,retail,珠宝 / 钟表 / 饰品,121,40176.49
19,L1-L106-L107#232,L1-L106-L107,Van Cleef & Arpels,retail,珠宝 / 钟表 / 饰品,100,26418.22
19,L1-L104#234,L1-L104,卡地亚,retail,珠宝 / 钟表 / 饰品,114,26083.45
19,L1-L103#235,L1-L103,Loro Piana,retail,女装 | 男装,151,12991.91
19,L1-L101#237,L1-L101,路易威登,retail,,236,19568.03
19,L1-L120#239,L1-L120,亚历山大麦昆,retail,男装,121,8679.75
19,L1-L121#240,L1-L121,思琳广州太古汇精品店,retail,女装 | 男装 | 鞋 / 包 / 皮具用品 | 珠宝 / 钟表 / 饰品,154,46208.31
19,L1-L122#241,L1-L122,伯爵,retail,珠宝 / 钟表 / 饰品,168,28597.1
19,L1-L125#244,L1-L125,爱马仕,retail,,284,18061.09
19,L2-L226#275,L2-L226,日默瓦,retail,鞋 / 包 / 皮具用品,0,0
19,L2-L225B#276,L2-L225B,派,retail,珠宝 / 钟表 / 饰品,0,0
19,L2-L224#278,L2-L224,I.T,retail,女装 | 男装,0,0
19,L2-L223#279,L2-L223,范思哲,retail,女装 | 男装,0,0
19,L2-L221-L222#280,L2-L221-L222,溥仪眼镜,retail,珠宝 / 钟表 / 饰品,0,0
19,L2-L220#281,L2-L220,罗杰维维亚,retail,鞋 / 包 / 皮具用品,0,0
19,L2-L218-L219#282,L2-L218-L219,古驰,retail,女装 | 男装 | 珠宝 / 钟表 / 饰品 | 鞋 / 包 / 皮具用品,0,0
19,L2-L217#283,L2-L217,古驰,retail,女装 | 男装 | 珠宝 / 钟表 / 饰品 | 鞋 / 包 / 皮具用品 | 工艺 / 家居 / 礼品,0,0
19,L2-L216#284,L2-L216,PRADA,retail,女装 | 男装 | 珠宝 / 钟表 / 饰品,0,0
19,L2-L216#285,L2-L216,PRADA,retail,女装 | 男装 | 珠宝 / 钟表 / 饰品,0,0
19,L2-L215#286,L2-L215,迪奥,retail,女装 | 男装 | 鞋 / 包 / 皮具用品 | 珠宝 / 钟表 / 饰品,0,0
19,L2-L213#288,L2-L213,寇依,retail,女装 | 鞋 / 包 / 皮具用品,0,0
19,L2-L211#289,L2-L211,欧米茄,retail,珠宝 / 钟表 / 饰品,0,0
19,L2-L210A#291,L2-L210A,萧邦,retail,珠宝 / 钟表 / 饰品,0,0
19,L2-L209#292,L2-L209,FIFTH x Hair Code,retail,生活时尚,0,0
19,L2-L207-L208#293,L2-L207-L208,菲拉格慕,retail,鞋 / 包 / 皮具用品,0,0
19,L2-L206#294,L2-L206,吉米周,retail,鞋 / 包 / 皮具用品,0,0
19,L2-L205#295,L2-L205,瑭姆步朗,retail,女装 | 男装 | 鞋 / 包 / 皮具用品 | 童装 / 玩具,0,0
19,L2-L201#299,L2-L201,路易威登,retail,,0,0
19,L2-L228#300,L2-L228,Tory Burch,retail,女装 | 珠宝 / 钟表 / 饰品 | 鞋 / 包 / 皮具用品 | 工艺 / 家居 / 礼品 | 生活时尚,0,0
19,L2-L230#303,L2-L230,吉尔桑德,retail,女装 | 男装,0,0
19,L2-L233#306,L2-L233,爱马仕,retail,,0,0
19,L3-L302#329,L3-L302,gaga 品牌旗舰店,dining,西式风味,0,0
19,L3-L303#330,L3-L303,尚莲·越南泰国料理,dining,亚洲风味,0,0
19,L3-L304#331,L3-L304,glance,dining,西式风味,0,0
19,L3-L305#332,L3-L305,大象园,dining,西式风味,0,0
19,L3-L306#333,L3-L306,小山 炉端烧•鮨,dining,亚洲风味,0,0
19,L3-L307#334,L3-L307,御寶閣潮州酒家,dining,中式餐饮,0,0
19,L3-L308A#335,L3-L308A,超级猩猩,anchor,主力店,0,0
20,M33#16,M33,顺电,retail,影音 / 电器用品,51,5043.23
20,M30#19,M30,昂跑,retail,休闲服 / 运动用品,40,3358.49
20,M28#21,M28,之禾,retail,女装,71,7586.79
20,M26#23,M26,maje,retail,女装,87,11230.32
20,M25#24,M25,伊索,retail,保健 / 美容护理,37,3742.88
20,M24#25,M24,老铺黄金,retail,珠宝 / 钟表 / 饰品,38,10637.36
20,M21#28,M21,Olé精品超市,anchor,主力店,47,1380.26
20,M15#33,M15,INITIAL,retail,女装 | 男装,30,5187.29
20,M13#35,M13,Bang & Olufsen,retail,影音 / 电器用品,19,1614.99
20,M12b#36,M12b,ELLE 路易士·嘉玛发廊,retail,保健 / 美容护理,8,291.98
20,M09#39,M09,雅德诺,retail,男装,26,2053.64
20,M07#41,M07,单农,retail,男装,23,1452.13
20,M05#43,M05,亮视点,retail,珠宝 / 钟表 / 饰品,61,25838.82
20,M03#45,M03,古驰美妆,retail,保健 / 美容护理,45,2221.66
20,M02#46,M02,APM Monaco,retail,珠宝 / 钟表 / 饰品,36,13229.02
20,M67#49,M67,周大福荟馆JEWELRIA精品店,retail,珠宝 / 钟表 / 饰品,57,16633.43
20,M66#50,M66,American Vintage,retail,女装,52,4701.83
20,M65#51,M65,self-portrait,retail,女装,71,8573.56
20,M64#52,M64,馥蕾诗,retail,保健 / 美容护理,107,6922.16
20,M63#53,M63,朋博湾,retail,童装 / 玩具,51,4054.97
20,M61#55,M61,ROCK&RIDE VINTAGE,retail,珠宝 / 钟表 / 饰品,56,20484.15
20,M60#56,M60,依诺,retail,女装,38,6145.85
20,M58#58,M58,Tabio,retail,休闲服 / 运动用品,41,831.25
20,M57#59,M57,initial,retail,休闲服 / 运动用品,57,4607.88
20,M55#61,M55,泡泡玛特,retail,,45,4435.03
20,M48a#69,M48a,WASAI LIVING,retail,休闲服 / 运动用品,34,1740.83
20,M47#70,M47,TOMMY HILFIGER,retail,休闲服 / 运动用品,38,2984.54
20,M46#71,M46,LACOSTE,retail,休闲服 / 运动用品,60,4216.02
20,M45#72,M45,EVISU,retail,休闲服 / 运动用品,39,4202.09
20,M43#74,M43,摩安珂,retail,女装,44,5446.67
20,M41a#76,M41a,little Mo&Co.,retail,童装 / 玩具,56,5554.05
20,M41b#77,M41b,广天藏品,retail,工艺 / 家居 / 礼品,48,3820.54
20,MU35#118,MU35,方所,anchor,主力店,93,1735.78
20,MU36#119,MU36,始祖鸟,retail,休闲服 / 运动用品,52,3256.36
20,MU37#120,MU37,EVISU,retail,休闲服 / 运动用品,41,2684.12
20,MU38#121,MU38,CURIEL,retail,女装,28,2982.37
20,MU38#122,MU38,GEGINA,retail,女装,36,8115.82
20,MU39#123,MU39,POLO RALPH LAUREN,retail,男装 | 女装,25,3434.25
20,MU39#124,MU39,GENTSPACE,retail,男装,26,4943.92
20,MU41a#126,MU41a,Nespresso,dining,特色美食,41,1111.45
20,MU42#128,MU42,莆田餐厅,dining,亚洲风味,36,1766.57
20,MU44#131,MU44,浪琴广州太古汇直营店,retail,珠宝 / 钟表 / 饰品,27,9412.93
20,MU45#132,MU45,艾璞俪梦,retail,珠宝 / 钟表 / 饰品,32,14211.43
20,MU45a#133,MU45a,曼尼陀,retail,女装 | 男装,27,1339.55
20,MU46#134,MU46,野兽派花店,retail,工艺 / 家居 / 礼品,49,4661.27
20,MU47a#135,MU47a,玛俪琳,retail,女装,73,6322.94
20,MU47b#136,MU47b,馥马尔、凯利安,retail,保健 / 美容护理,45,2096.48
20,MU48#137,MU48,露露乐蒙,retail,休闲服 / 运动用品,69,6822.43
20,MU32_MU33#145,MU32_MU33,潘海利根,retail,保健 / 美容护理,50,2860.42
20,MU32_MU33#146,MU32_MU33,阿蒂仙之香,retail,保健 / 美容护理,43,2262.98
20,MU31#147,MU31,珑骧,retail,鞋 / 包 / 皮具用品,53,8599.17
20,MU25#152,MU25,la prairie,retail,保健 / 美容护理,31,2356.06
20,MU20#155,MU20,叁木司.日式餐酒馆,dining,亚洲风味,84,3039.47
20,MU21#156,MU21,鳗几,dining,亚洲风味,112,5997.85
20,MU19#157,MU19,鼎泰丰,dining,亚洲风味,78,3926.11
20,MU18#158,MU18,美奈小馆钻石店,dining,亚洲风味,69,3340.57
20,MU17#159,MU17,阿嬷手作,dining,特色美食,87,2918.35
20,MU16g_h#160,MU16g_h,太二前传,dining,中式餐饮,96,4307.05
20,MU16f#161,MU16f,熟客·星马印料理,dining,亚洲风味,87,5284.25
20,MU16e#162,MU16e,鮨 · 半藏,dining,亚洲风味,76,3904.08
20,MU16d#163,MU16d,喜家德,dining,中式餐饮,91,4875.99
20,MU16c#164,MU16c,锋壹碗,dining,美食广场,65,1531.18
20,MU16k#165,MU16k,SONG Cafe,dining,休闲餐饮及烘焙,79,1600.81
20,MU16i#166,MU16i,入续·糖水铺与包·臻选,dining,休闲餐饮及烘焙,94,2338.53
20,MU16j#167,MU16j,意拾光,dining,西式风味,101,3762.39
20,MU16l#168,MU16l,ZAKUZAKU,dining,休闲餐饮及烘焙,90,1849.38
20,MU16b#169,MU16b,面道鲜师,dining,中式餐饮,91,3327.27
20,MU16a#170,MU16a,CONSOMMÉ,dining,美食广场,84,1536.47
20,MU14#172,MU14,Dior迪奥化妆品精品店,retail,保健 / 美容护理,53,3232.28
20,MU12#174,MU12,帕尔玛之水,retail,保健 / 美容护理,32,4214.0
20,MU10#176,MU10,周生生,retail,珠宝 / 钟表 / 饰品,36,5207.34
20,MU08_MU09#177,MU08_MU09,卡纷,retail,女装,54,6163.04
20,MU05#181,MU05,肯佐,retail,休闲服 / 运动用品,29,2847.68
20,MU04#182,MU04,SANDRO,retail,女装,58,6573.86
20,MU03b#183,MU03b,肌肤之钥,retail,保健 / 美容护理,41,3137.82
20,MU02b_MU03a#184,MU02b_MU03a,GENTLE MONSTER,retail,珠宝 / 钟表 / 饰品,26,9328.85
20,MU02a#185,MU02a,蔻驰,retail,女装,26,6528.09
20,L1-L119#216,L1-L119,Bottega Veneta,retail,鞋 / 包 / 皮具用品,104,16074.24
20,L1-L118#217,L1-L118,MIU MIU,retail,女装,109,8329.79
20,L1-L117#218,L1-L117,BURBERRY,retail,女装 | 男装 | 鞋 / 包 / 皮具用品 | 珠宝 / 钟表 / 饰品,107,31970.45
20,L1-L116#219,L1-L116,BALENCIAGA,retail,女装 | 男装 | 鞋 / 包 / 皮具用品 | 珠宝 / 钟表 / 饰品,205,81158.25
20,L1-L115#220,L1-L115,芬廸,retail,女装 | 男装 | 鞋 / 包 / 皮具用品,149,14734.68
20,L1-L114#221,L1-L114,香奈儿,retail,,161,9160.81
20,L1-L114#222,L1-L114,香奈儿,retail,女装 | 珠宝 / 钟表 / 饰品 | 鞋 / 包 / 皮具用品,174,61750.4
20,L1-L113#223,L1-L113,古驰,retail,女装 | 男装 | 珠宝 / 钟表 / 饰品 | 鞋 / 包 / 皮具用品 | 工艺 / 家居 / 礼品,246,78958.5
20,L1-L112#224,L1-L112,PRADA,retail,女装 | 男装 | 珠宝 / 钟表 / 饰品,113,34219.11
20,L1-L112#225,L1-L112,PRADA,retail,女装 | 男装 | 珠宝 / 钟表 / 饰品,152,39817.12
20,L1-L111#226,L1-L111,迪奥,retail,,278,18271.72
20,L1-L109#228,L1-L109,麦克斯·马勒,retail,女装,127,15858.17
20,L1-L108#229,L1-L108,万宝龙,retail,珠宝 / 钟表 / 饰品,117,31995.08
20,L1-L108A#230,L1-L108A,万宝龙,retail,珠宝 / 钟表 / 饰品,91,32239.56
20,L1-L106-L107#232,L1-L106-L107,Van Cleef & Arpels,retail,珠宝 / 钟表 / 饰品,97,24856.39
20,L1-L104#234,L1-L104,卡地亚,retail,珠宝 / 钟表 / 饰品,98,30147.74
20,L1-L103#235,L1-L103,Loro Piana,retail,女装 | 男装,110,12964.37
20,L1-L101#237,L1-L101,路易威登,retail,,228,22674.51
20,L1-L120#239,L1-L120,亚历山大麦昆,retail,男装,114,15225.49
20,L1-L121#240,L1-L121,思琳广州太古汇精品店,retail,女装 | 男装 | 鞋 / 包 / 皮具用品 | 珠宝 / 钟表 / 饰品,143,47178.07
20,L1-L122#241,L1-L122,伯爵,retail,珠宝 / 钟表 / 饰品,147,40065.47
20,L1-L125#244,L1-L125,爱马仕,retail,,229,20274.19
20,L2-L226#275,L2-L226,日默瓦,retail,鞋 / 包 / 皮具用品,0,0
20,L2-L225B#276,L2-L225B,派,retail,珠宝 / 钟表 / 饰品,0,0
20,L2-L224#278,L2-L224,I.T,retail,女装 | 男装,0,0
20,L2-L223#279,L2-L223,范思哲,retail,女装 | 男装,0,0
20,L2-L221-L222#280,L2-L221-L222,溥仪眼镜,retail,珠宝 / 钟表 / 饰品,0,0
20,L2-L220#281,L2-L220,罗杰维维亚,retail,鞋 / 包 / 皮具用品,0,0
20,L2-L218-L219#282,L2-L218-L219,古驰,retail,女装 | 男装 | 珠宝 / 钟表 / 饰品 | 鞋 / 包 / 皮具用品,0,0
20,L2-L217#283,L2-L217,古驰,retail,女装 | 男装 | 珠宝 / 钟表 / 饰品 | 鞋 / 包 / 皮具用品 | 工艺 / 家居 / 礼品,0,0
20,L2-L216#284,L2-L216,PRADA,retail,女装 | 男装 | 珠宝 / 钟表 / 饰品,0,0
20,L2-L216#285,L2-L216,PRADA,retail,女装 | 男装 | 珠宝 / 钟表 / 饰品,0,0
20,L2-L215#286,L2-L215,迪奥,retail,女装 | 男装 | 鞋 / 包 / 皮具用品 | 珠宝 / 钟表 / 饰品,0,0
20,L2-L213#288,L2-L213,寇依,retail,女装 | 鞋 / 包 / 皮具用品,0,0
20,L2-L211#289,L2-L211,欧米茄,retail,珠宝 / 钟表 / 饰品,0,0
20,L2-L210A#291,L2-L210A,萧邦,retail,珠宝 / 钟表 / 饰品,0,0
20,L2-L209#292,L2-L209,FIFTH x Hair Code,retail,生活时尚,0,0
20,L2-L207-L208#293,L2-L207-L208,菲拉格慕,retail,鞋 / 包 / 皮具用品,0,0
20,L2-L206#294,L2-L206,吉米周,retail,鞋 / 包 / 皮具用品,0,0
20,L2-L205#295,L2-L205,瑭姆步朗,retail,女装 | 男装 | 鞋 / 包 / 皮具用品 | 童装 / 玩具,0,0
20,L2-L201#299,L2-L201,路易威登,retail,,0,0
20,L2-L228#300,L2-L228,Tory Burch,retail,女装 | 珠宝 / 钟表 / 饰品 | 鞋 / 包 / 皮具用品 | 工艺 / 家居 / 礼品 | 生活时尚,0,0
20,L2-L230#303,L2-L230,吉尔桑德,retail,女装 | 男装,0,0
20,L2-L233#306,L2-L233,爱马仕,retail,,0,0
20,L3-L302#329,L3-L302,gaga 品牌旗舰店,dining,西式风味,0,0
20,L3-L303#330,L3-L303,尚莲·越南泰国料理,dining,亚洲风味,0,0
20,L3-L304#331,L3-L304,glance,dining,西式风味,0,0
20,L3-L305#332,L3-L305,大象园,dining,西式风味,0,0
20,L3-L306#333,L3-L306,小山 炉端烧•鮨,dining,亚洲风味,0,0
20,L3-L307#334,L3-L307,御寶閣潮州酒家,dining,中式餐饮,0,0
20,L3-L308A#335,L3-L308A,超级猩猩,anchor,主力店,0,0
21,M33#16,M33,顺电,retail,影音 / 电器用品,52,3276.24
21,M30#19,M30,昂跑,retail,休闲服 / 运动用品,46,2136.15
21,M28#21,M28,之禾,retail,女装,73,7295.22
21,M26#23,M26,maje,retail,女装,88,5480.41
21,M25#24,M25,伊索,retail,保健 / 美容护理,31,640.52
21,M24#25,M24,老铺黄金,retail,珠宝 / 钟表 / 饰品,33,9108.18
21,M21#28,M21,Olé精品超市,anchor,主力店,43,945.21
21,M15#33,M15,INITIAL,retail,女装 | 男装,21,1862.65
21,M13#35,M13,Bang & Olufsen,retail,影音 / 电器用品,26,2434.85
21,M12b#36,M12b,ELLE 路易士·嘉玛发廊,retail,保健 / 美容护理,9,667.1
21,M09#39,M09,雅德诺,retail,男装,24,2157.95
21,M07#41,M07,单农,retail,男装,13,2105.66
21,M05#43,M05,亮视点,retail,珠宝 / 钟表 / 饰品,43,9852.51
21,M03#45,M03,古驰美妆,retail,保健 / 美容护理,38,1933.19
21,M02#46,M02,APM Monaco,retail,珠宝 / 钟表 / 饰品,42,10245.47
21,M67#49,M67,周大福荟馆JEWELRIA精品店,retail,珠宝 / 钟表 / 饰品,46,10804.73
21,M66#50,M66,American Vintage,retail,女装,37,3930.73
21,M65#51,M65,self-portrait,retail,女装,54,3292.92
21,M64#52,M64,馥蕾诗,retail,保健 / 美容护理,88,4577.93
21,M63#53,M63,朋博湾,retail,童装 / 玩具,43,3397.01
21,M61#55,M61,ROCK&RIDE VINTAGE,retail,珠宝 / 钟表 / 饰品,51,8482.57
21,M60#56,M60,依诺,retail,女装,41,3435.5
21,M58#58,M58,Tabio,retail,休闲服 / 运动用品,45,421.59
21,M57#59,M57,initial,retail,休闲服 / 运动用品,48,2997.5
21,M55#61,M55,泡泡玛特,retail,,40,3713.17
21,M48a#69,M48a,WASAI LIVING,retail,休闲服 / 运动用品,31,1171.16
21,M47#70,M47,TOMMY HILFIGER,retail,休闲服 / 运动用品,33,2470.31
21,M46#71,M46,LACOSTE,retail,休闲服 / 运动用品,33,1328.38
21,M45#72,M45,EVISU,retail,休闲服 / 运动用品,34,1853.49
21,M43#74,M43,摩安珂,retail,女装,35,3338.44
21,M41a#76,M41a,little Mo&Co.,retail,童装 / 玩具,36,881.92
21,M41b#77,M41b,广天藏品,retail,工艺 / 家居 / 礼品,39,1298.37
21,MU35#118,MU35,方所,anchor,主力店,93,2310.03
21,MU36#119,MU36,始祖鸟,retail,休闲服 / 运动用品,36,1582.69
21,MU37#120,MU37,EVISU,retail,休闲服 / 运动用品,36,1329.59
21,MU38#121,MU38,CURIEL,retail,女装,19,602.5
21,MU38#122,MU38,GEGINA,retail,女装,22,3416.81
21,MU39#123,MU39,POLO RALPH LAUREN,retail,男装 | 女装,26,3417.56
21,MU39#124,MU39,GENTSPACE,retail,男装,25,2602.31
21,MU41a#126,MU41a,Nespresso,dining,特色美食,41,1013.99
21,MU42#128,MU42,莆田餐厅,dining,亚洲风味,47,1757.26
21,MU44#131,MU44,浪琴广州太古汇直营店,retail,珠宝 / 钟表 / 饰品,16,2101.93
21,MU45#132,MU45,艾璞俪梦,retail,珠宝 / 钟表 / 饰品,23,7700.09
21,MU45a#133,MU45a,曼尼陀,retail,女装 | 男装,20,1477.63
21,MU46#134,MU46,野兽派花店,retail,工艺 / 家居 / 礼品,35,2203.85
21,MU47a#135,MU47a,玛俪琳,retail,女装,52,3927.98
21,MU47b#136,MU47b,馥马尔、凯利安,retail,保健 / 美容护理,39,2888.04
21,MU48#137,MU48,露露乐蒙,retail,休闲服 / 运动用品,56,4967.98
21,MU32_MU33#145,MU32_MU33,潘海利根,retail,保健 / 美容护理,39,1916.52
21,MU32_MU33#146,MU32_MU33,阿蒂仙之香,retail,保健 / 美容护理,33,1552.02
21,MU31#147,MU31,珑骧,retail,鞋 / 包 / 皮具用品,58,11564.13
21,MU25#152,MU25,la prairie,retail,保健 / 美容护理,39,567.63
21,MU20#155,MU20,叁木司.日式餐酒馆,dining,亚洲风味,63,1537.34
21,MU21#156,MU21,鳗几,dining,亚洲风味,99,3236.49
21,MU19#157,MU19,鼎泰丰,dining,亚洲风味,66,2481.24
21,MU18#158,MU18,美奈小馆钻石店,dining,亚洲风味,79,3821.6
21,MU17#159,MU17,阿嬷手作,dining,特色美食,80,1666.43
21,MU16g_h#160,MU16g_h,太二前传,dining,中式餐饮,83,3498.39
21,MU16f#161,MU16f,熟客·星马印料理,dining,亚洲风味,80,2960.86
21,MU16e#162,MU16e,鮨 · 半藏,dining,亚洲风味,65,2901.97
21,MU16d#163,MU16d,喜家德,dining,中式餐饮,74,3916.58
21,MU16c#164,MU16c,锋壹碗,dining,美食广场,74,1226.33
21,MU16k#165,MU16k,SONG Cafe,dining,休闲餐饮及烘焙,65,1456.87
21,MU16i#166,MU16i,入续·糖水铺与包·臻选,dining,休闲餐饮及烘焙,92,1774.4
21,MU16j#167,MU16j,意拾光,dining,西式风味,80,3068.31
21,MU16l#168,MU16l,ZAKUZAKU,dining,休闲餐饮及烘焙,67,1644.41
21,MU16b#169,MU16b,面道鲜师,dining,中式餐饮,91,4380.58
21,MU16a#170,MU16a,CONSOMMÉ,dining,美食广场,62,785.84
21,MU14#172,MU14,Dior迪奥化妆品精品店,retail,保健 / 美容护理,28,1765.5
21,MU12#174,MU12,帕尔玛之水,retail,保健 / 美容护理,22,553.95
21,MU10#176,MU10,周生生,retail,珠宝 / 钟表 / 饰品,28,12590.96
21,MU08_MU09#177,MU08_MU09,卡纷,retail,女装,32,3375.57
21,MU05#181,MU05,肯佐,retail,休闲服 / 运动用品,25,1238.82
21,MU04#182,MU04,SANDRO,retail,女装,29,2953.31
21,MU03b#183,MU03b,肌肤之钥,retail,保健 / 美容护理,17,916.28
21,MU02b_MU03a#184,MU02b_MU03a,GENTLE MONSTER,retail,珠宝 / 钟表 / 饰品,15,4709.89
21,MU02a#185,MU02a,蔻驰,retail,女装,22,1433.95
21,L1-L119#216,L1-L119,Bottega Veneta,retail,鞋 / 包 / 皮具用品,63,9246.73
21,L1-L118#217,L1-L118,MIU MIU,retail,女装,70,7670.15
21,L1-L117#218,L1-L117,BURBERRY,retail,女装 | 男装 | 鞋 / 包 / 皮具用品 | 珠宝 / 钟表 / 饰品,77,28168.13
21,L1-L116#219,L1-L116,BALENCIAGA,retail,女装 | 男装 | 鞋 / 包 / 皮具用品 | 珠宝 / 钟表 / 饰品,165,46199.98
21,L1-L115#220,L1-L115,芬廸,retail,女装 | 男装 | 鞋 / 包 / 皮具用品,116,7082.96
21,L1-L114#221,L1-L114,香奈儿,retail,,135,6990.22
21,L1-L114#222,L1-L114,香奈儿,retail,女装 | 珠宝 / 钟表 / 饰品 | 鞋 / 包 / 皮具用品,127,24207.79
21,L1-L113#223,L1-L113,古驰,retail,女装 | 男装 | 珠宝 / 钟表 / 饰品 | 鞋 / 包 / 皮具用品 | 工艺 / 家居 / 礼品,200,44932.19
21,L1-L112#224,L1-L112,PRADA,retail,女装 | 男装 | 珠宝 / 钟表 / 饰品,102,19948.97
21,L1-L112#225,L1-L112,PRADA,retail,女装 | 男装 | 珠宝 / 钟表 / 饰品,99,20045.58
21,L1-L111#226,L1-L111,迪奥,retail,,224,12544.43
21,L1-L109#228,L1-L109,麦克斯·马勒,retail,女装,106,10565.28
21,L1-L108#229,L1-L108,万宝龙,retail,珠宝 / 钟表 / 饰品,91,24061.1
21,L1-L108A#230,L1-L108A,万宝龙,retail,珠宝 / 钟表 / 饰品,56,13169.6
21,L1-L106-L107#232,L1-L106-L107,Van Cleef & Arpels,retail,珠宝 / 钟表 / 饰品,68,11136.59
21,L1-L104#234,L1-L104,卡地亚,retail,珠宝 / 钟表 / 饰品,76,15946.99
21,L1-L103#235,L1-L103,Loro Piana,retail,女装 | 男装,89,8822.08
21,L1-L101#237,L1-L101,路易威登,retail,,183,7684.92
21,L1-L120#239,L1-L120,亚历山大麦昆,retail,男装,96,6096.92
21,L1-L121#240,L1-L121,思琳广州太古汇精品店,retail,女装 | 男装 | 鞋 / 包 / 皮具用品 | 珠宝 / 钟表 / 饰品,112,20011.27
21,L1-L122#241,L1-L122,伯爵,retail,珠宝 / 钟表 / 饰品,106,22539.33
21,L1-L125#244,L1-L125,爱马仕,retail,,183,11141.96
21,L2-L226#275,L2-L226,日默瓦,retail,鞋 / 包 / 皮具用品,0,0
21,L2-L225B#276,L2-L225B,派,retail,珠宝 / 钟表 / 饰品,0,0
21,L2-L224#278,L2-L224,I.T,retail,女装 | 男装,0,0
21,L2-L223#279,L2-L223,范思哲,retail,女装 | 男装,0,0
21,L2-L221-L222#280,L2-L221-L222,溥仪眼镜,retail,珠宝 / 钟表 / 饰品,0,0
21,L2-L220#281,L2-L220,罗杰维维亚,retail,鞋 / 包 / 皮具用品,0,0
21,L2-L218-L219#282,L2-L218-L219,古驰,retail,女装 | 男装 | 珠宝 / 钟表 / 饰品 | 鞋 / 包 / 皮具用品,0,0
21,L2-L217#283,L2-L217,古驰,retail,女装 | 男装 | 珠宝 / 钟表 / 饰品 | 鞋 / 包 / 皮具用品 | 工艺 / 家居 / 礼品,0,0
21,L2-L216#284,L2-L216,PRADA,retail,女装 | 男装 | 珠宝 / 钟表 / 饰品,0,0
21,L2-L216#285,L2-L216,PRADA,retail,女装 | 男装 | 珠宝 / 钟表 / 饰品,0,0
21,L2-L215#286,L2-L215,迪奥,retail,女装 | 男装 | 鞋 / 包 / 皮具用品 | 珠宝 / 钟表 / 饰品,0,0
21,L2-L213#288,L2-L213,寇依,retail,女装 | 鞋 / 包 / 皮具用品,0,0
21,L2-L211#289,L2-L211,欧米茄,retail,珠宝 / 钟表 / 饰品,0,0
21,L2-L210A#291,L2-L210A,萧邦,retail,珠宝 / 钟表 / 饰品,0,0
21,L2-L209#292,L2-L209,FIFTH x Hair Code,retail,生活时尚,0,0
21,L2-L207-L208#293,L2-L207-L208,菲拉格慕,retail,鞋 / 包 / 皮具用品,0,0
21,L2-L206#294,L2-L206,吉米周,retail,鞋 / 包 / 皮具用品,0,0
21,L2-L205#295,L2-L205,瑭姆步朗,retail,女装 | 男装 | 鞋 / 包 / 皮具用品 | 童装 / 玩具,0,0
21,L2-L201#299,L2-L201,路易威登,retail,,0,0
21,L2-L228#300,L2-L228,Tory Burch,retail,女装 | 珠宝 / 钟表 / 饰品 | 鞋 / 包 / 皮具用品 | 工艺 / 家居 / 礼品 | 生活时尚,0,0
21,L2-L230#303,L2-L230,吉尔桑德,retail,女装 | 男装,0,0
21,L2-L233#306,L2-L233,爱马仕,retail,,0,0
21,L3-L302#329,L3-L302,gaga 品牌旗舰店,dining,西式风味,0,0
21,L3-L303#330,L3-L303,尚莲·越南泰国料理,dining,亚洲风味,0,0
21,L3-L304#331,L3-L304,glance,dining,西式风味,0,0
21,L3-L305#332,L3-L305,大象园,dining,西式风味,0,0
21,L3-L306#333,L3-L306,小山 炉端烧•鮨,dining,亚洲风味,0,0
21,L3-L307#334,L3-L307,御寶閣潮州酒家,dining,中式餐饮,0,0
21,L3-L308A#335,L3-L308A,超级猩猩,anchor,主力店,0,0
